passage_id,therapeutic_label,mechanism,intensity,annotator_notes
62,1,Narrative Reconstruction,3,"The passage represents emotional reflection and narrative reconstruction as Victor revisits familiar landscapes from his childhood and processes changes in his life. Although the passage contains fear and grief, interaction with memory and nature provides gradual emotional restoration and meaning-making."
123,1,Narrative Reconstruction,4,"The passage represents narrative reconstruction through self-education and moral reflection. The creature describes how literature transforms his understanding of humanity, virtue, and his own identity. The movement from despair toward higher thoughts demonstrates a strong process of psychological and intellectual development."
185,1,Narrative Reconstruction,3,"The passage represents narrative reconstruction through Victor's recollection of significant life events, including family memories, loss, and personal responsibility. Although dominated by guilt and suffering, the act of reviewing his life history reflects an attempt to process trauma and understand his experiences."
43,0,None,0,"The passage describes Victor's obsessive scientific pursuit and emotional isolation rather than a therapeutic process. Although he remembers his family and recognizes their concern, the passage focuses on withdrawal, neglect of relationships, and loss of connection."
114,1,Narrative Reconstruction,3,"The passage represents narrative reconstruction through deep reflection on knowledge, suffering, identity, and social isolation. The speaker examines how experience has shaped his understanding of himself and his desire for connection, although the emotional state remains painful."
153,1,Emotional Catharsis,4,"The passage represents emotional catharsis through Victor's remembrance and appreciation of Clerval. By expressing admiration, affection, and the emotional significance of friendship, the passage transforms grief into a reflective acknowledgement of human connection."
60,0,None,0,"The passage represents intense grief, guilt, and emotional suffering after William's death. Although it contains strong emotional expression, it does not demonstrate therapeutic processing, reflection, acceptance, or transformation."
214,1,Narrative Reconstruction,3,"The passage represents narrative reconstruction through the recording, correction, and interpretation of Frankenstein's personal history. The process of organizing traumatic experiences into a coherent narrative reflects meaning-making and preservation of personal experience."
222,1,Narrative Reconstruction,4,"The passage represents narrative reconstruction as Victor reflects on his life, recognizes the consequences of ambition, and transforms personal suffering into advice for Walton. The experience is reframed into moral understanding and meaning-making."
215,1,Narrative Reconstruction,4,"The passage represents narrative reconstruction through Victor's reflection on his former ambitions, suffering, and personal worth. His experiences are transformed into self-understanding, while emotional communication with Walton creates a meaningful interpretation of his life story."
