passage_id,text,therapeutic_label,mechanism,intensity,annotator_notes,keyword_score
10,"This appearance excited our unqualified wonder. We were, as we believed,
many hundred miles from any land; but this apparition seemed to denote that
it was not, in reality, so distant as we had supposed. Shut in, however, by
ice, it was impossible to follow his track, which we had observed with the
greatest attention. About two hours after this occurrence we heard the ground sea, and before
night the ice broke and freed our ship. We, however, lay to until the
morning, fearing to encounter in the dark those large loose masses which
float about after the breaking up of the ice. I profited of this time to
rest for a few hours. In the morning, however, as soon as it was light, I went upon deck and
found all the sailors busy on one side of the vessel, apparently
talking to someone in the sea. It was, in fact, a sledge, like that we
had seen before, which had drifted towards us in the night on a large
fragment of ice. Only one dog remained alive; but there was a human
being within it whom the sailors were persuading to enter the vessel.
He was not, as the other traveller seemed to be, a savage inhabitant of
some undiscovered island, but a European. When I appeared on deck the
master said, “Here is our captain, and he will not allow you to perish
on the open sea.” On perceiving me, the stranger addressed me in English, although with a
foreign accent. “Before I come on board your vessel,” said he,
“will you have the kindness to inform me whither you are bound?”",0.0,,0.0,"The passage describes curiosity and wonder during an unusual event in Walton's expedition. Although emotional reactions are present, the passage does not represent emotional processing, healing, or transformation.",
16,"Will you smile at the enthusiasm I express concerning this divine
wanderer? You would not if you saw him. You have been tutored and
refined by books and retirement from the world, and you are therefore
somewhat fastidious; but this only renders you the more fit to
appreciate the extraordinary merits of this wonderful man. Sometimes I
have endeavoured to discover what quality it is which he possesses that
elevates him so immeasurably above any other person I ever knew. I
believe it to be an intuitive discernment, a quick but never-failing
power of judgment, a penetration into the causes of things, unequalled
for clearness and precision; add to this a facility of expression and a
voice whose varied intonations are soul-subduing music. August 19th, 17—. Yesterday the stranger said to me, “You may easily perceive, Captain
Walton, that I have suffered great and unparalleled misfortunes. I had
determined at one time that the memory of these evils should die with
me, but you have won me to alter my determination. You seek for
knowledge and wisdom, as I once did; and I ardently hope that the
gratification of your wishes may not be a serpent to sting you, as mine
has been. I do not know that the relation of my disasters will be
useful to you; yet, when I reflect that you are pursuing the same
course, exposing yourself to the same dangers which have rendered me
what I am, I imagine that you may deduce an apt moral from my tale, one
that may direct you if you succeed in your undertaking and console you
in case of failure. Prepare to hear of occurrences which are usually
deemed marvellous. Were we among the tamer scenes of nature I might
fear to encounter your unbelief, perhaps your ridicule; but many things
will appear possible in these wild and mysterious regions which would
provoke the laughter of those unacquainted with the ever-varied powers
of nature; nor can I doubt but that my tale conveys in its series
internal evidence of the truth of the events of which it is composed.”",1.0,Narrative Reconstruction,3.0,"The passage introduces Victor's suffering and his decision to share painful memories with Walton. The act of narrating past experiences represents an early stage of emotional processing and narrative reconstruction, although complete healing or transformation is not yet shown.",
26,"I feel exquisite pleasure in dwelling on the recollections of childhood,
before misfortune had tainted my mind and changed its bright visions of
extensive usefulness into gloomy and narrow reflections upon self. Besides,
in drawing the picture of my early days, I also record those events which
led, by insensible steps, to my after tale of misery, for when I would
account to myself for the birth of that passion which afterwards ruled my
destiny I find it arise, like a mountain river, from ignoble and almost
forgotten sources; but, swelling as it proceeded, it became the torrent
which, in its course, has swept away all my hopes and joys. Natural philosophy is the genius that has regulated my fate; I desire,
therefore, in this narration, to state those facts which led to my
predilection for that science. When I was thirteen years of age we all went
on a party of pleasure to the baths near Thonon; the inclemency of the
weather obliged us to remain a day confined to the inn. In this house I
chanced to find a volume of the works of Cornelius Agrippa. I opened it
with apathy; the theory which he attempts to demonstrate and the wonderful
facts which he relates soon changed this feeling into enthusiasm. A new
light seemed to dawn upon my mind, and bounding with joy, I communicated my
discovery to my father. My father looked carelessly at the title page of my
book and said, “Ah! Cornelius Agrippa! My dear Victor, do not waste
your time upon this; it is sad trash.”",1.0,Narrative Reconstruction,4.0,The passage represents autobiographical reflection and narrative reconstruction. Victor revisits childhood memories and attempts to understand how earlier experiences shaped his later suffering and identity. The passage demonstrates meaning-making through storytelling rather than simple recollection.,
67,"“She most of all,” said Ernest, “requires consolation; she accused
herself of having caused the death of my brother, and that made her
very wretched. But since the murderer has been discovered—” “The murderer discovered! Good God! how can that be? who could attempt
to pursue him? It is impossible; one might as well try to overtake the
winds, or confine a mountain-stream with a straw. I saw him too; he
was free last night!” “I do not know what you mean,” replied my brother, in accents of
wonder, “but to us the discovery we have made completes our misery. No
one would believe it at first; and even now Elizabeth will not be
convinced, notwithstanding all the evidence. Indeed, who would credit
that Justine Moritz, who was so amiable, and fond of all the family,
could suddenly become so capable of so frightful, so appalling a crime?” “Justine Moritz! Poor, poor girl, is she the accused? But it is
wrongfully; every one knows that; no one believes it, surely, Ernest?” “No one did at first; but several circumstances came out, that have
almost forced conviction upon us; and her own behaviour has been so
confused, as to add to the evidence of facts a weight that, I fear,
leaves no hope for doubt. But she will be tried today, and you will
then hear all.” He then related that, the morning on which the murder of poor William
had been discovered, Justine had been taken ill, and confined to her
bed for several days. During this interval, one of the servants,
happening to examine the apparel she had worn on the night of the
murder, had discovered in her pocket the picture of my mother, which
had been judged to be the temptation of the murderer. The servant
instantly showed it to one of the others, who, without saying a word to
any of the family, went to a magistrate; and, upon their deposition,
Justine was apprehended. On being charged with the fact, the poor girl
confirmed the suspicion in a great measure by her extreme confusion of
manner.",0.0,,0.0,"The passage describes grief, guilt, and emotional suffering after William's death. However, it represents the experience of trauma rather than a therapeutic process of reflection, healing, or transformation.",
127,"“I knocked. ‘Who is there?’ said the old man. ‘Come in.’ “I entered. ‘Pardon this intrusion,’ said I; ‘I am
a traveller in want of a little rest; you would greatly oblige me if you
would allow me to remain a few minutes before the fire.’ “‘Enter,’ said De Lacey, ‘and I will try in what
manner I can to relieve your wants; but, unfortunately, my children are
from home, and as I am blind, I am afraid I shall find it difficult to
procure food for you.’ “‘Do not trouble yourself, my kind host; I have food; it is
warmth and rest only that I need.’ “I sat down, and a silence ensued. I knew that every minute was
precious to me, yet I remained irresolute in what manner to commence
the interview, when the old man addressed me. ‘By your language, stranger, I suppose you are my countryman; are you
French?’ “‘No; but I was educated by a French family and understand that
language only. I am now going to claim the protection of some friends,
whom I sincerely love, and of whose favour I have some hopes.’ “‘Are they Germans?’ “‘No, they are French. But let us change the subject. I am an
unfortunate and deserted creature, I look around and I have no relation
or friend upon earth. These amiable people to whom I go have never
seen me and know little of me. I am full of fears, for if I fail
there, I am an outcast in the world for ever.’",0.0,,0.0,"The passage represents a compassionate social interaction between the Creature and De Lacey. Although kindness and human connection are present, the passage does not show emotional processing, healing, or transformation.",
155,"But in Clerval I saw the image of my former self; he was inquisitive
and anxious to gain experience and instruction. The difference of
manners which he observed was to him an inexhaustible source of
instruction and amusement. He was also pursuing an object he had long
had in view. His design was to visit India, in the belief that he had
in his knowledge of its various languages, and in the views he had
taken of its society, the means of materially assisting the progress of
European colonization and trade. In Britain only could he further the
execution of his plan. He was for ever busy, and the only check to his
enjoyments was my sorrowful and dejected mind. I tried to conceal this
as much as possible, that I might not debar him from the pleasures
natural to one who was entering on a new scene of life, undisturbed by
any care or bitter recollection. I often refused to accompany him,
alleging another engagement, that I might remain alone. I now also
began to collect the materials necessary for my new creation, and this
was to me like the torture of single drops of water continually falling
on the head. Every thought that was devoted to it was an extreme
anguish, and every word that I spoke in allusion to it caused my lips
to quiver, and my heart to palpitate. After passing some months in London, we received a letter from a person in
Scotland who had formerly been our visitor at Geneva. He mentioned the
beauties of his native country and asked us if those were not sufficient
allurements to induce us to prolong our journey as far north as Perth,
where he resided. Clerval eagerly desired to accept this invitation, and I,
although I abhorred society, wished to view again mountains and streams and
all the wondrous works with which Nature adorns her chosen dwelling-places.",1.0,Narrative Reconstruction,3.0,"The passage represents narrative reconstruction through interpersonal reflection. Victor views Clerval as a reflection of his former identity and recognises the contrast between his previous self and his current sorrowful state. The passage shows self-understanding, although healing is not yet achieved.",
193,"Great God! If for one instant I had thought what might be the hellish
intention of my fiendish adversary, I would rather have banished myself
for ever from my native country and wandered a friendless outcast over
the earth than have consented to this miserable marriage. But, as if
possessed of magic powers, the monster had blinded me to his real
intentions; and when I thought that I had prepared only my own death, I
hastened that of a far dearer victim. As the period fixed for our marriage drew nearer, whether from cowardice or
a prophetic feeling, I felt my heart sink within me. But I concealed my
feelings by an appearance of hilarity that brought smiles and joy to the
countenance of my father, but hardly deceived the ever-watchful and nicer
eye of Elizabeth. She looked forward to our union with placid contentment,
not unmingled with a little fear, which past misfortunes had impressed,
that what now appeared certain and tangible happiness might soon dissipate
into an airy dream and leave no trace but deep and everlasting regret. Preparations were made for the event, congratulatory visits were received,
and all wore a smiling appearance. I shut up, as well as I could, in my own
heart the anxiety that preyed there and entered with seeming earnestness
into the plans of my father, although they might only serve as the
decorations of my tragedy. Through my father’s exertions a part of
the inheritance of Elizabeth had been restored to her by the Austrian
government. A small possession on the shores of Como belonged to her. It
was agreed that, immediately after our union, we should proceed to Villa
Lavenza and spend our first days of happiness beside the beautiful lake
near which it stood.",0.0,,0.0,"The passage represents intense guilt, fear, and regret following traumatic events. Although Victor reflects on his past actions, the passage presents psychological suffering rather than a process of healing, emotional processing, or transformation.",
195,"I took the hand of Elizabeth. “You are sorrowful, my love. Ah! If
you knew what I have suffered and what I may yet endure, you would
endeavour to let me taste the quiet and freedom from despair that this
one day at least permits me to enjoy.” “Be happy, my dear Victor,” replied Elizabeth; “there is, I hope,
nothing to distress you; and be assured that if a lively joy is not
painted in my face, my heart is contented. Something whispers to me
not to depend too much on the prospect that is opened before us, but I
will not listen to such a sinister voice. Observe how fast we move
along and how the clouds, which sometimes obscure and sometimes rise
above the dome of Mont Blanc, render this scene of beauty still more
interesting. Look also at the innumerable fish that are swimming in
the clear waters, where we can distinguish every pebble that lies at
the bottom. What a divine day! How happy and serene all nature
appears!” Thus Elizabeth endeavoured to divert her thoughts and mine from all
reflection upon melancholy subjects. But her temper was fluctuating;
joy for a few instants shone in her eyes, but it continually gave place
to distraction and reverie. The sun sank lower in the heavens; we passed the river Drance and
observed its path through the chasms of the higher and the glens of the
lower hills. The Alps here come closer to the lake, and we approached
the amphitheatre of mountains which forms its eastern boundary. The
spire of Evian shone under the woods that surrounded it and the range
of mountain above mountain by which it was overhung.",1.0,Emotional Catharsis,3.0,"The passage represents emotional disclosure and interpersonal support. Victor expresses his hidden suffering, while Elizabeth attempts to provide comfort and emotional reassurance. The interaction represents a moderate therapeutic process through emotional connection rather than complete transformation.",
199,"The report of the pistol brought a crowd into the room. I pointed to
the spot where he had disappeared, and we followed the track with
boats; nets were cast, but in vain. After passing several hours, we
returned hopeless, most of my companions believing it to have been a
form conjured up by my fancy. After having landed, they proceeded to
search the country, parties going in different directions among the
woods and vines. I attempted to accompany them and proceeded a short distance from the
house, but my head whirled round, my steps were like those of a drunken
man, I fell at last in a state of utter exhaustion; a film covered my
eyes, and my skin was parched with the heat of fever. In this state I
was carried back and placed on a bed, hardly conscious of what had
happened; my eyes wandered round the room as if to seek something that
I had lost. After an interval I arose, and as if by instinct, crawled into the room
where the corpse of my beloved lay. There were women weeping around; I
hung over it and joined my sad tears to theirs; all this time no
distinct idea presented itself to my mind, but my thoughts rambled to
various subjects, reflecting confusedly on my misfortunes and their
cause. I was bewildered, in a cloud of wonder and horror. The death
of William, the execution of Justine, the murder of Clerval, and lastly
of my wife; even at that moment I knew not that my only remaining
friends were safe from the malignity of the fiend; my father even now
might be writhing under his grasp, and Ernest might be dead at his
feet. This idea made me shudder and recalled me to action. I started
up and resolved to return to Geneva with all possible speed.",0.0,,0.0,"The passage represents intense physical and emotional trauma following a violent loss. Although grief and suffering are strongly expressed, the passage depicts immediate traumatic response rather than emotional processing, healing, or transformation.",
217,"My beloved Sister, September 2d. I write to you, encompassed by peril and ignorant whether I am ever
doomed to see again dear England and the dearer friends that inhabit
it. I am surrounded by mountains of ice which admit of no escape and
threaten every moment to crush my vessel. The brave fellows whom I
have persuaded to be my companions look towards me for aid, but I have
none to bestow. There is something terribly appalling in our
situation, yet my courage and hopes do not desert me. Yet it is
terrible to reflect that the lives of all these men are endangered
through me. If we are lost, my mad schemes are the cause. And what, Margaret, will be the state of your mind? You will not hear of my
destruction, and you will anxiously await my return. Years will pass, and
you will have visitings of despair and yet be tortured by hope. Oh! My
beloved sister, the sickening failing of your heart-felt expectations is,
in prospect, more terrible to me than my own death. But you have a husband
and lovely children; you may be happy. Heaven bless you and make you so! My unfortunate guest regards me with the tenderest compassion. He
endeavours to fill me with hope and talks as if life were a possession
which he valued. He reminds me how often the same accidents have
happened to other navigators who have attempted this sea, and in spite
of myself, he fills me with cheerful auguries. Even the sailors feel
the power of his eloquence; when he speaks, they no longer despair; he
rouses their energies, and while they hear his voice they believe these
vast mountains of ice are mole-hills which will vanish before the
resolutions of man. These feelings are transitory; each day of
expectation delayed fills them with fear, and I almost dread a mutiny
caused by this despair.",1.0,Emotional Catharsis,3.0,"The passage represents emotional distress, self-reflection, and compassionate support. Walton experiences guilt and fear while receiving hope and reassurance.",
80,"Chapter 9 Nothing is more painful to the human mind than, after the feelings have
been worked up by a quick succession of events, the dead calmness of
inaction and certainty which follows and deprives the soul both of hope
and fear. Justine died, she rested, and I was alive. The blood flowed
freely in my veins, but a weight of despair and remorse pressed on my
heart which nothing could remove. Sleep fled from my eyes; I wandered
like an evil spirit, for I had committed deeds of mischief beyond
description horrible, and more, much more (I persuaded myself) was yet
behind. Yet my heart overflowed with kindness and the love of virtue.
I had begun life with benevolent intentions and thirsted for the moment
when I should put them in practice and make myself useful to my fellow
beings. Now all was blasted; instead of that serenity of conscience
which allowed me to look back upon the past with self-satisfaction, and
from thence to gather promise of new hopes, I was seized by remorse and
the sense of guilt, which hurried me away to a hell of intense tortures
such as no language can describe. This state of mind preyed upon my health, which had perhaps never
entirely recovered from the first shock it had sustained. I shunned
the face of man; all sound of joy or complacency was torture to me;
solitude was my only consolation—deep, dark, deathlike solitude. My father observed with pain the alteration perceptible in my disposition
and habits and endeavoured by arguments deduced from the feelings of his
serene conscience and guiltless life to inspire me with fortitude and
awaken in me the courage to dispel the dark cloud which brooded over me.
“Do you think, Victor,” said he, “that I do not suffer
also? No one could love a child more than I loved your
brother”—tears came into his eyes as he spoke—“but
is it not a duty to the survivors that we should refrain from augmenting
their unhappiness by an appearance of immoderate grief? It is also a duty
owed to yourself, for excessive sorrow prevents improvement or enjoyment,
or even the discharge of daily usefulness, without which no man is fit for
society.”",0.0,,0.0,"The passage presents intense grief, remorse, and self-reflection after Justine's death. Although Victor examines his past identity and suffering, the narrative remains focused on guilt and despair rather than emotional processing, healing, or transformative meaning-making.",9.0
77,"She paused, weeping, and then continued, “I thought with horror, my
sweet lady, that you should believe your Justine, whom your blessed
aunt had so highly honoured, and whom you loved, was a creature capable
of a crime which none but the devil himself could have perpetrated.
Dear William! dearest blessed child! I soon shall see you again in
heaven, where we shall all be happy; and that consoles me, going as I
am to suffer ignominy and death.” “Oh, Justine! Forgive me for having for one moment distrusted you.
Why did you confess? But do not mourn, dear girl. Do not fear. I
will proclaim, I will prove your innocence. I will melt the stony
hearts of your enemies by my tears and prayers. You shall not die!
You, my playfellow, my companion, my sister, perish on the scaffold!
No! No! I never could survive so horrible a misfortune.” Justine shook her head mournfully. “I do not fear to die,” she said;
“that pang is past. God raises my weakness and gives me courage to
endure the worst. I leave a sad and bitter world; and if you remember
me and think of me as of one unjustly condemned, I am resigned to the
fate awaiting me. Learn from me, dear lady, to submit in patience to
the will of heaven!” During this conversation I had retired to a corner of the prison room,
where I could conceal the horrid anguish that possessed me. Despair!
Who dared talk of that? The poor victim, who on the morrow was to pass
the awful boundary between life and death, felt not, as I did, such
deep and bitter agony. I gnashed my teeth and ground them together,
uttering a groan that came from my inmost soul. Justine started. When
she saw who it was, she approached me and said, “Dear sir, you are very
kind to visit me; you, I hope, do not believe that I am guilty?”",1.0,Emotional Catharsis,4.0,"The passage represents emotional catharsis through the expression of grief, fear, and acceptance during Justine's final moments. Elizabeth provides emotional support and reassurance, while Justine demonstrates a movement toward courage and acceptance despite suffering.",9.0
79,"And on the morrow Justine died. Elizabeth’s heart-rending eloquence
failed to move the judges from their settled conviction in the
criminality of the saintly sufferer. My passionate and indignant
appeals were lost upon them. And when I received their cold answers
and heard the harsh, unfeeling reasoning of these men, my purposed
avowal died away on my lips. Thus I might proclaim myself a madman,
but not revoke the sentence passed upon my wretched victim. She
perished on the scaffold as a murderess! From the tortures of my own heart, I turned to contemplate the deep and
voiceless grief of my Elizabeth. This also was my doing! And my
father’s woe, and the desolation of that late so smiling home all was
the work of my thrice-accursed hands! Ye weep, unhappy ones, but these
are not your last tears! Again shall you raise the funeral wail, and
the sound of your lamentations shall again and again be heard!
Frankenstein, your son, your kinsman, your early, much-loved friend; he
who would spend each vital drop of blood for your sakes, who has no
thought nor sense of joy except as it is mirrored also in your dear
countenances, who would fill the air with blessings and spend his life
in serving you—he bids you weep, to shed countless tears; happy beyond
his hopes, if thus inexorable fate be satisfied, and if the destruction
pause before the peace of the grave have succeeded to your sad torments! Thus spoke my prophetic soul, as, torn by remorse, horror, and despair,
I beheld those I loved spend vain sorrow upon the graves of William and
Justine, the first hapless victims to my unhallowed arts.",0.0,,0.0,"The passage presents intense grief, guilt, and self-blame following Justine's execution. Although Victor reflects deeply on the suffering of himself and others, the narrative emphasizes despair and responsibility rather than emotional processing, healing, or transformative meaning-making.",7.0
125,"“Several changes, in the meantime, took place in the cottage. The
presence of Safie diffused happiness among its inhabitants, and I also
found that a greater degree of plenty reigned there. Felix and Agatha
spent more time in amusement and conversation, and were assisted in
their labours by servants. They did not appear rich, but they were
contented and happy; their feelings were serene and peaceful, while
mine became every day more tumultuous. Increase of knowledge only
discovered to me more clearly what a wretched outcast I was. I
cherished hope, it is true, but it vanished when I beheld my person
reflected in water or my shadow in the moonshine, even as that frail
image and that inconstant shade. “I endeavoured to crush these fears and to fortify myself for the trial
which in a few months I resolved to undergo; and sometimes I allowed my
thoughts, unchecked by reason, to ramble in the fields of Paradise, and
dared to fancy amiable and lovely creatures sympathising with my
feelings and cheering my gloom; their angelic countenances breathed
smiles of consolation. But it was all a dream; no Eve soothed my
sorrows nor shared my thoughts; I was alone. I remembered Adam’s
supplication to his Creator. But where was mine? He had abandoned me,
and in the bitterness of my heart I cursed him. “Autumn passed thus. I saw, with surprise and grief, the leaves decay
and fall, and nature again assume the barren and bleak appearance it
had worn when I first beheld the woods and the lovely moon. Yet I did
not heed the bleakness of the weather; I was better fitted by my
conformation for the endurance of cold than heat. But my chief
delights were the sight of the flowers, the birds, and all the gay
apparel of summer; when those deserted me, I turned with more attention
towards the cottagers. Their happiness was not decreased by the
absence of summer. They loved and sympathised with one another; and
their joys, depending on each other, were not interrupted by the
casualties that took place around them. The more I saw of them, the
greater became my desire to claim their protection and kindness; my
heart yearned to be known and loved by these amiable creatures; to see
their sweet looks directed towards me with affection was the utmost
limit of my ambition. I dared not think that they would turn them from
me with disdain and horror. The poor that stopped at their door were
never driven away. I asked, it is true, for greater treasures than a
little food or rest: I required kindness and sympathy; but I did not
believe myself utterly unworthy of it.",0.0,,0.0,"The passage presents deep self-reflection and emotional awareness as the Creature compares human happiness with his own isolation. However, this reflection leads to increased despair and identity conflict rather than healing, emotional processing, or transformative growth.",7.0
15,"Such words, you may imagine, strongly excited my curiosity; but the
paroxysm of grief that had seized the stranger overcame his weakened
powers, and many hours of repose and tranquil conversation were
necessary to restore his composure. Having conquered the violence of his feelings, he appeared to despise
himself for being the slave of passion; and quelling the dark tyranny of
despair, he led me again to converse concerning myself personally. He asked
me the history of my earlier years. The tale was quickly told, but it
awakened various trains of reflection. I spoke of my desire of finding a
friend, of my thirst for a more intimate sympathy with a fellow mind than
had ever fallen to my lot, and expressed my conviction that a man could
boast of little happiness who did not enjoy this blessing. “I agree with you,” replied the stranger; “we are
unfashioned creatures, but half made up, if one wiser, better, dearer than
ourselves—such a friend ought to be—do not lend his aid to
perfectionate our weak and faulty natures. I once had a friend, the most
noble of human creatures, and am entitled, therefore, to judge respecting
friendship. You have hope, and the world before you, and have no cause for
despair. But I—I have lost everything and cannot begin life
anew.” As he said this his countenance became expressive of a calm, settled
grief that touched me to the heart. But he was silent and presently
retired to his cabin. Even broken in spirit as he is, no one can feel more deeply than he
does the beauties of nature. The starry sky, the sea, and every sight
afforded by these wonderful regions seem still to have the power of
elevating his soul from earth. Such a man has a double existence: he
may suffer misery and be overwhelmed by disappointments, yet when he
has retired into himself, he will be like a celestial spirit that has a
halo around him, within whose circle no grief or folly ventures.",1.0,Narrative Reconstruction,4.0,"The passage represents therapeutic processing through emotional expression, interpersonal conversation, and narrative reconstruction. The stranger moves from intense grief toward composure while sharing personal history and reflecting on the importance of human connection and friendship.",6.0
53,"“Justine, you may remember, was a great favourite of yours; and I
recollect you once remarked that if you were in an ill humour, one
glance from Justine could dissipate it, for the same reason that
Ariosto gives concerning the beauty of Angelica—she looked so
frank-hearted and happy. My aunt conceived a great attachment for her,
by which she was induced to give her an education superior to that
which she had at first intended. This benefit was fully repaid;
Justine was the most grateful little creature in the world: I do not
mean that she made any professions I never heard one pass her lips, but
you could see by her eyes that she almost adored her protectress.
Although her disposition was gay and in many respects inconsiderate,
yet she paid the greatest attention to every gesture of my aunt. She
thought her the model of all excellence and endeavoured to imitate her
phraseology and manners, so that even now she often reminds me of her. “When my dearest aunt died every one was too much occupied in their own
grief to notice poor Justine, who had attended her during her illness
with the most anxious affection. Poor Justine was very ill; but other
trials were reserved for her. “One by one, her brothers and sister died; and her mother, with the
exception of her neglected daughter, was left childless. The
conscience of the woman was troubled; she began to think that the
deaths of her favourites was a judgement from heaven to chastise her
partiality. She was a Roman Catholic; and I believe her confessor
confirmed the idea which she had conceived. Accordingly, a few months
after your departure for Ingolstadt, Justine was called home by her
repentant mother. Poor girl! She wept when she quitted our house; she
was much altered since the death of my aunt; grief had given softness
and a winning mildness to her manners, which had before been remarkable
for vivacity. Nor was her residence at her mother’s house of a nature
to restore her gaiety. The poor woman was very vacillating in her
repentance. She sometimes begged Justine to forgive her unkindness,
but much oftener accused her of having caused the deaths of her
brothers and sister. Perpetual fretting at length threw Madame Moritz
into a decline, which at first increased her irritability, but she is
now at peace for ever. She died on the first approach of cold weather,
at the beginning of this last winter. Justine has just returned to us;
and I assure you I love her tenderly. She is very clever and gentle,
and extremely pretty; as I mentioned before, her mien and her
expression continually remind me of my dear aunt.",0.0,,0.0,"The passage presents a recollection of Justine's character and her relationship with the Frankenstein family. Although it contains affection and emotional memory, it functions primarily as descriptive remembrance rather than emotional processing, healing, or transformative reflection.",5.0
84,"I listened to this discourse with the extremest agony. I, not in deed,
but in effect, was the true murderer. Elizabeth read my anguish in my
countenance, and kindly taking my hand, said, “My dearest friend, you
must calm yourself. These events have affected me, God knows how
deeply; but I am not so wretched as you are. There is an expression of
despair, and sometimes of revenge, in your countenance that makes me
tremble. Dear Victor, banish these dark passions. Remember the
friends around you, who centre all their hopes in you. Have we lost
the power of rendering you happy? Ah! While we love, while we are
true to each other, here in this land of peace and beauty, your native
country, we may reap every tranquil blessing—what can disturb our
peace?” And could not such words from her whom I fondly prized before every
other gift of fortune suffice to chase away the fiend that lurked in my
heart? Even as she spoke I drew near to her, as if in terror, lest at
that very moment the destroyer had been near to rob me of her. Thus not the tenderness of friendship, nor the beauty of earth, nor of
heaven, could redeem my soul from woe; the very accents of love were
ineffectual. I was encompassed by a cloud which no beneficial
influence could penetrate. The wounded deer dragging its fainting
limbs to some untrodden brake, there to gaze upon the arrow which had
pierced it, and to die, was but a type of me.",1.0,Emotional Catharsis,3.0,"The passage represents emotional catharsis through Victor's expression of guilt and anguish, followed by Elizabeth's compassionate support. The interaction provides emotional regulation and attempts to redirect Victor from despair toward connection and hope.",5.0
31,"She died calmly, and her countenance expressed affection even in death.
I need not describe the feelings of those whose dearest ties are rent
by that most irreparable evil, the void that presents itself to the
soul, and the despair that is exhibited on the countenance. It is so
long before the mind can persuade itself that she whom we saw every day
and whose very existence appeared a part of our own can have departed
for ever—that the brightness of a beloved eye can have been
extinguished and the sound of a voice so familiar and dear to the ear
can be hushed, never more to be heard. These are the reflections of
the first days; but when the lapse of time proves the reality of the
evil, then the actual bitterness of grief commences. Yet from whom has
not that rude hand rent away some dear connection? And why should I
describe a sorrow which all have felt, and must feel? The time at
length arrives when grief is rather an indulgence than a necessity; and
the smile that plays upon the lips, although it may be deemed a
sacrilege, is not banished. My mother was dead, but we had still
duties which we ought to perform; we must continue our course with the
rest and learn to think ourselves fortunate whilst one remains whom the
spoiler has not seized. My departure for Ingolstadt, which had been deferred by these events,
was now again determined upon. I obtained from my father a respite of
some weeks. It appeared to me sacrilege so soon to leave the repose,
akin to death, of the house of mourning and to rush into the thick of
life. I was new to sorrow, but it did not the less alarm me. I was
unwilling to quit the sight of those that remained to me, and above
all, I desired to see my sweet Elizabeth in some degree consoled.",1.0,Narrative Reconstruction,3.0,"The passage represents narrative reconstruction of grief through reflection on loss, memory, and the gradual transformation of sorrow over time. The narrator moves from immediate suffering toward a broader understanding of grief as a universal human experience.",5.0
82,"At these moments I wept bitterly and wished that peace would revisit my
mind only that I might afford them consolation and happiness. But that
could not be. Remorse extinguished every hope. I had been the author of
unalterable evils, and I lived in daily fear lest the monster whom I had
created should perpetrate some new wickedness. I had an obscure feeling
that all was not over and that he would still commit some signal crime,
which by its enormity should almost efface the recollection of the past.
There was always scope for fear so long as anything I loved remained
behind. My abhorrence of this fiend cannot be conceived. When I thought of
him I gnashed my teeth, my eyes became inflamed, and I ardently wished to
extinguish that life which I had so thoughtlessly bestowed. When I
reflected on his crimes and malice, my hatred and revenge burst all bounds
of moderation. I would have made a pilgrimage to the highest peak of the
Andes, could I, when there, have precipitated him to their base. I wished
to see him again, that I might wreak the utmost extent of abhorrence on his
head and avenge the deaths of William and Justine. Our house was the house of mourning. My father’s health was deeply
shaken by the horror of the recent events. Elizabeth was sad and
desponding; she no longer took delight in her ordinary occupations; all
pleasure seemed to her sacrilege toward the dead; eternal woe and tears she
then thought was the just tribute she should pay to innocence so blasted
and destroyed. She was no longer that happy creature who in earlier youth
wandered with me on the banks of the lake and talked with ecstasy of our
future prospects. The first of those sorrows which are sent to wean us from
the earth had visited her, and its dimming influence quenched her dearest
smiles.",0.0,,0.0,"The passage presents intense guilt, remorse, fear, and anger following Victor's actions. Although it contains self-reflection, the emotional movement remains focused on despair and revenge rather than healing, acceptance, or transformative processing.",5.0
81,"This advice, although good, was totally inapplicable to my case; I
should have been the first to hide my grief and console my friends if
remorse had not mingled its bitterness, and terror its alarm, with my
other sensations. Now I could only answer my father with a look of
despair and endeavour to hide myself from his view. About this time we retired to our house at Belrive. This change was
particularly agreeable to me. The shutting of the gates regularly at
ten o’clock and the impossibility of remaining on the lake after that
hour had rendered our residence within the walls of Geneva very irksome
to me. I was now free. Often, after the rest of the family had
retired for the night, I took the boat and passed many hours upon the
water. Sometimes, with my sails set, I was carried by the wind; and
sometimes, after rowing into the middle of the lake, I left the boat to
pursue its own course and gave way to my own miserable reflections. I
was often tempted, when all was at peace around me, and I the only
unquiet thing that wandered restless in a scene so beautiful and
heavenly—if I except some bat, or the frogs, whose harsh and
interrupted croaking was heard only when I approached the shore—often,
I say, I was tempted to plunge into the silent lake, that the waters
might close over me and my calamities for ever. But I was restrained,
when I thought of the heroic and suffering Elizabeth, whom I tenderly
loved, and whose existence was bound up in mine. I thought also of my
father and surviving brother; should I by my base desertion leave them
exposed and unprotected to the malice of the fiend whom I had let loose
among them?",0.0,,0.0,"The passage presents grief, remorse, fear, and isolation following traumatic events. Although Victor engages in self-reflection, the reflection reinforces despair and withdrawal rather than producing emotional processing, healing, or transformative understanding.",5.0
78,"I could not answer. “No, Justine,” said Elizabeth; “he is more
convinced of your innocence than I was, for even when he heard that you
had confessed, he did not credit it.” “I truly thank him. In these last moments I feel the sincerest
gratitude towards those who think of me with kindness. How sweet is
the affection of others to such a wretch as I am! It removes more than
half my misfortune, and I feel as if I could die in peace now that my
innocence is acknowledged by you, dear lady, and your cousin.” Thus the poor sufferer tried to comfort others and herself. She indeed
gained the resignation she desired. But I, the true murderer, felt the
never-dying worm alive in my bosom, which allowed of no hope or
consolation. Elizabeth also wept and was unhappy, but hers also was
the misery of innocence, which, like a cloud that passes over the fair
moon, for a while hides but cannot tarnish its brightness. Anguish and
despair had penetrated into the core of my heart; I bore a hell within
me which nothing could extinguish. We stayed several hours with
Justine, and it was with great difficulty that Elizabeth could tear
herself away. “I wish,” cried she, “that I were to die with you; I
cannot live in this world of misery.” Justine assumed an air of cheerfulness, while she with difficulty
repressed her bitter tears. She embraced Elizabeth and said in a voice
of half-suppressed emotion, “Farewell, sweet lady, dearest Elizabeth,
my beloved and only friend; may heaven, in its bounty, bless and
preserve you; may this be the last misfortune that you will ever
suffer! Live, and be happy, and make others so.”",1.0,Emotional Catharsis,4.0,"The passage represents emotional catharsis through Justine's expression of gratitude, acceptance, and emotional relief after receiving recognition and kindness from others. Social support reduces her suffering and allows her to approach death with peace and resignation.",5.0
167,"“Devil, cease; and do not poison the air with these sounds of malice.
I have declared my resolution to you, and I am no coward to bend
beneath words. Leave me; I am inexorable.” “It is well. I go; but remember, I shall be with you on your
wedding-night.” I started forward and exclaimed, “Villain! Before you sign my
death-warrant, be sure that you are yourself safe.” I would have seized him, but he eluded me and quitted the house with
precipitation. In a few moments I saw him in his boat, which shot
across the waters with an arrowy swiftness and was soon lost amidst the
waves. All was again silent, but his words rang in my ears. I burned with rage to
pursue the murderer of my peace and precipitate him into the ocean. I
walked up and down my room hastily and perturbed, while my imagination
conjured up a thousand images to torment and sting me. Why had I not
followed him and closed with him in mortal strife? But I had suffered him
to depart, and he had directed his course towards the mainland. I shuddered
to think who might be the next victim sacrificed to his insatiate revenge.
And then I thought again of his words—“_I will be with you on
your wedding-night._” That, then, was the period fixed for the
fulfilment of my destiny. In that hour I should die and at once satisfy and
extinguish his malice. The prospect did not move me to fear; yet when I
thought of my beloved Elizabeth, of her tears and endless sorrow, when she
should find her lover so barbarously snatched from her, tears, the first I
had shed for many months, streamed from my eyes, and I resolved not to fall
before my enemy without a bitter struggle.",0.0,,0.0,"The passage presents intense anger, hatred, and desire for revenge following Victor's confrontation with the Creature. Although it contains emotional expression and reflection, the narrative movement is toward retaliation and psychological distress rather than healing, acceptance, or transformative processing.",5.0
141,"Chapter 17 The being finished speaking and fixed his looks upon me in the
expectation of a reply. But I was bewildered, perplexed, and unable to
arrange my ideas sufficiently to understand the full extent of his
proposition. He continued, “You must create a female for me with whom I can live in the
interchange of those sympathies necessary for my being. This you alone
can do, and I demand it of you as a right which you must not refuse to
concede.” The latter part of his tale had kindled anew in me the anger that had
died away while he narrated his peaceful life among the cottagers, and
as he said this I could no longer suppress the rage that burned within
me. “I do refuse it,” I replied; “and no torture shall ever extort a
consent from me. You may render me the most miserable of men, but you
shall never make me base in my own eyes. Shall I create another like
yourself, whose joint wickedness might desolate the world. Begone! I
have answered you; you may torture me, but I will never consent.” “You are in the wrong,” replied the fiend; “and instead
of threatening, I am content to reason with you. I am malicious because I
am miserable. Am I not shunned and hated by all mankind? You, my creator,
would tear me to pieces and triumph; remember that, and tell me why I
should pity man more than he pities me? You would not call it murder if you
could precipitate me into one of those ice-rifts and destroy my frame, the
work of your own hands. Shall I respect man when he condemns me? Let him
live with me in the interchange of kindness, and instead of injury I would
bestow every benefit upon him with tears of gratitude at his acceptance.
But that cannot be; the human senses are insurmountable barriers to our
union. Yet mine shall not be the submission of abject slavery. I will
revenge my injuries; if I cannot inspire love, I will cause fear, and
chiefly towards you my arch-enemy, because my creator, do I swear
inextinguishable hatred. Have a care; I will work at your destruction, nor
finish until I desolate your heart, so that you shall curse the hour of
your birth.”",0.0,,0.0,"The passage presents an emotional confrontation between Victor and the Creature involving loneliness, desire for sympathy, anger, and rejection. Although the characters express personal needs and emotions, the interaction results in conflict rather than emotional processing, healing, or transformative understanding.",5.0
157,"I enjoyed this scene, and yet my enjoyment was embittered both by the
memory of the past and the anticipation of the future. I was formed
for peaceful happiness. During my youthful days discontent never
visited my mind, and if I was ever overcome by _ennui_, the sight of what
is beautiful in nature or the study of what is excellent and sublime in
the productions of man could always interest my heart and communicate
elasticity to my spirits. But I am a blasted tree; the bolt has
entered my soul; and I felt then that I should survive to exhibit what
I shall soon cease to be—a miserable spectacle of wrecked humanity,
pitiable to others and intolerable to myself. We passed a considerable period at Oxford, rambling among its environs
and endeavouring to identify every spot which might relate to the most
animating epoch of English history. Our little voyages of discovery
were often prolonged by the successive objects that presented
themselves. We visited the tomb of the illustrious Hampden and the
field on which that patriot fell. For a moment my soul was elevated
from its debasing and miserable fears to contemplate the divine ideas
of liberty and self-sacrifice of which these sights were the monuments
and the remembrancers. For an instant I dared to shake off my chains
and look around me with a free and lofty spirit, but the iron had eaten
into my flesh, and I sank again, trembling and hopeless, into my
miserable self.",0.0,,0.0,"The passage presents deep self-reflection about past happiness, present suffering, and future anxiety. Although Victor reconstructs aspects of his identity, the reflection reinforces despair and a sense of personal destruction rather than healing, acceptance, or transformative growth.",5.0
151,"It was in the latter end of September that I again quitted my native
country. My journey had been my own suggestion, and Elizabeth
therefore acquiesced, but she was filled with disquiet at the idea of
my suffering, away from her, the inroads of misery and grief. It had
been her care which provided me a companion in Clerval—and yet a man
is blind to a thousand minute circumstances which call forth a woman’s
sedulous attention. She longed to bid me hasten my return; a thousand
conflicting emotions rendered her mute as she bade me a tearful, silent
farewell. I threw myself into the carriage that was to convey me away, hardly
knowing whither I was going, and careless of what was passing around.
I remembered only, and it was with a bitter anguish that I reflected on
it, to order that my chemical instruments should be packed to go with
me. Filled with dreary imaginations, I passed through many beautiful
and majestic scenes, but my eyes were fixed and unobserving. I could
only think of the bourne of my travels and the work which was to occupy
me whilst they endured. After some days spent in listless indolence, during which I traversed
many leagues, I arrived at Strasburgh, where I waited two days for
Clerval. He came. Alas, how great was the contrast between us! He
was alive to every new scene, joyful when he saw the beauties of the
setting sun, and more happy when he beheld it rise and recommence a new
day. He pointed out to me the shifting colours of the landscape and
the appearances of the sky. “This is what it is to live,” he cried;
“now I enjoy existence! But you, my dear Frankenstein, wherefore are
you desponding and sorrowful!” In truth, I was occupied by gloomy
thoughts and neither saw the descent of the evening star nor the golden
sunrise reflected in the Rhine. And you, my friend, would be far more
amused with the journal of Clerval, who observed the scenery with an
eye of feeling and delight, than in listening to my reflections. I, a
miserable wretch, haunted by a curse that shut up every avenue to
enjoyment.",0.0,,0.0,"The passage presents Victor's emotional suffering, grief, and withdrawal during his separation from Elizabeth. Although it includes interpersonal care and concern, Victor remains trapped in despair and obsessive thoughts rather than engaging in emotional processing, healing, or transformative reflection.",5.0
226,"“Oh, it is not thus—not thus,” interrupted the being.
“Yet such must be the impression conveyed to you by what appears to
be the purport of my actions. Yet I seek not a fellow feeling in my misery.
No sympathy may I ever find. When I first sought it, it was the love of
virtue, the feelings of happiness and affection with which my whole being
overflowed, that I wished to be participated. But now that virtue has
become to me a shadow, and that happiness and affection are turned into
bitter and loathing despair, in what should I seek for sympathy? I am
content to suffer alone while my sufferings shall endure; when I die, I am
well satisfied that abhorrence and opprobrium should load my memory. Once
my fancy was soothed with dreams of virtue, of fame, and of enjoyment. Once
I falsely hoped to meet with beings who, pardoning my outward form, would
love me for the excellent qualities which I was capable of unfolding. I was
nourished with high thoughts of honour and devotion. But now crime has
degraded me beneath the meanest animal. No guilt, no mischief, no
malignity, no misery, can be found comparable to mine. When I run over the
frightful catalogue of my sins, I cannot believe that I am the same
creature whose thoughts were once filled with sublime and transcendent
visions of the beauty and the majesty of goodness. But it is even so; the
fallen angel becomes a malignant devil. Yet even that enemy of God and man
had friends and associates in his desolation; I am alone.",1.0,Narrative Reconstruction,4.0,"The passage represents narrative reconstruction through the Creature's reflection on his past hopes, emotional suffering, and transformation of identity. Although he remains isolated and despairing, the passage demonstrates meaningful self-examination and an attempt to understand his experience.",5.0
177,"A fever succeeded to this. I lay for two months on the point of death; my
ravings, as I afterwards heard, were frightful; I called myself the
murderer of William, of Justine, and of Clerval. Sometimes I entreated my
attendants to assist me in the destruction of the fiend by whom I was
tormented; and at others I felt the fingers of the monster already grasping
my neck, and screamed aloud with agony and terror. Fortunately, as I spoke
my native language, Mr. Kirwin alone understood me; but my gestures and
bitter cries were sufficient to affright the other witnesses. Why did I not die? More miserable than man ever was before, why did I not
sink into forgetfulness and rest? Death snatches away many blooming
children, the only hopes of their doting parents; how many brides and
youthful lovers have been one day in the bloom of health and hope, and the
next a prey for worms and the decay of the tomb! Of what materials was I
made that I could thus resist so many shocks, which, like the turning of
the wheel, continually renewed the torture? But I was doomed to live and in two months found myself as awaking from
a dream, in a prison, stretched on a wretched bed, surrounded by
gaolers, turnkeys, bolts, and all the miserable apparatus of a dungeon.
It was morning, I remember, when I thus awoke to understanding; I had
forgotten the particulars of what had happened and only felt as if some
great misfortune had suddenly overwhelmed me; but when I looked around
and saw the barred windows and the squalidness of the room in which I
was, all flashed across my memory and I groaned bitterly.",0.0,,0.0,"The passage presents severe psychological suffering, trauma, and guilt following multiple deaths. Although Victor expresses his emotions and recognizes his responsibility, the narrative remains focused on despair, fear, and self-condemnation rather than emotional processing, healing, or transformative understanding.",5.0
190,"“Do not let this letter disturb you; do not answer tomorrow, or the
next day, or even until you come, if it will give you pain. My uncle
will send me news of your health, and if I see but one smile on your
lips when we meet, occasioned by this or any other exertion of mine, I
shall need no other happiness. “Elizabeth Lavenza. “Geneva, May 18th, 17—” This letter revived in my memory what I had before forgotten, the threat of
the fiend—“_I will be with you on your
wedding-night!_” Such was my sentence, and on that night would the
dæmon employ every art to destroy me and tear me from the glimpse of
happiness which promised partly to console my sufferings. On that night he
had determined to consummate his crimes by my death. Well, be it so; a
deadly struggle would then assuredly take place, in which if he were
victorious I should be at peace and his power over me be at an end. If he
were vanquished, I should be a free man. Alas! What freedom? Such as the
peasant enjoys when his family have been massacred before his eyes, his
cottage burnt, his lands laid waste, and he is turned adrift, homeless,
penniless, and alone, but free. Such would be my liberty except that in my
Elizabeth I possessed a treasure, alas, balanced by those horrors of
remorse and guilt which would pursue me until death. Sweet and beloved Elizabeth! I read and reread her letter, and some
softened feelings stole into my heart and dared to whisper paradisiacal
dreams of love and joy; but the apple was already eaten, and the
angel’s arm bared to drive me from all hope. Yet I would die to make
her happy. If the monster executed his threat, death was inevitable; yet,
again, I considered whether my marriage would hasten my fate. My
destruction might indeed arrive a few months sooner, but if my torturer
should suspect that I postponed it, influenced by his menaces, he would
surely find other and perhaps more dreadful means of revenge. He had vowed
_to be with me on my wedding-night_, yet he did not consider that
threat as binding him to peace in the meantime, for as if to show me that
he was not yet satiated with blood, he had murdered Clerval immediately
after the enunciation of his threats. I resolved, therefore, that if my
immediate union with my cousin would conduce either to hers or my
father’s happiness, my adversary’s designs against my life
should not retard it a single hour.",0.0,,0.0,"The passage contains Elizabeth's compassionate support and emotional reassurance toward Victor. However, Victor's response is dominated by fear, anxiety, and anticipation of conflict with the Creature. The passage does not develop into emotional processing, healing, or transformative understanding.",5.0
211,"On hearing this information I suffered a temporary access of despair.
He had escaped me, and I must commence a destructive and almost endless
journey across the mountainous ices of the ocean, amidst cold that few
of the inhabitants could long endure and which I, the native of a
genial and sunny climate, could not hope to survive. Yet at the idea
that the fiend should live and be triumphant, my rage and vengeance
returned, and like a mighty tide, overwhelmed every other feeling.
After a slight repose, during which the spirits of the dead hovered
round and instigated me to toil and revenge, I prepared for my journey. I exchanged my land-sledge for one fashioned for the inequalities of
the Frozen Ocean, and purchasing a plentiful stock of provisions, I
departed from land. I cannot guess how many days have passed since then, but I have endured
misery which nothing but the eternal sentiment of a just retribution
burning within my heart could have enabled me to support. Immense and
rugged mountains of ice often barred up my passage, and I often heard
the thunder of the ground sea, which threatened my destruction. But
again the frost came and made the paths of the sea secure. By the quantity of provision which I had consumed, I should guess that
I had passed three weeks in this journey; and the continual protraction
of hope, returning back upon the heart, often wrung bitter drops of
despondency and grief from my eyes. Despair had indeed almost secured
her prey, and I should soon have sunk beneath this misery. Once, after
the poor animals that conveyed me had with incredible toil gained the
summit of a sloping ice mountain, and one, sinking under his fatigue,
died, I viewed the expanse before me with anguish, when suddenly my eye
caught a dark speck upon the dusky plain. I strained my sight to
discover what it could be and uttered a wild cry of ecstasy when I
distinguished a sledge and the distorted proportions of a well-known
form within. Oh! With what a burning gush did hope revisit my heart!
Warm tears filled my eyes, which I hastily wiped away, that they might
not intercept the view I had of the dæmon; but still my sight was
dimmed by the burning drops, until, giving way to the emotions that
oppressed me, I wept aloud.",0.0,,0.0,"The passage presents Victor's despair, rage, and desire for revenge after the Creature's escape. Although it contains emotional expression and reflection on suffering, the narrative movement is toward vengeance and obsession rather than healing, acceptance, or transformative understanding.",5.0
62,"Clerval spoke thus as we hurried through the streets; the words
impressed themselves on my mind and I remembered them afterwards in
solitude. But now, as soon as the horses arrived, I hurried into a
cabriolet, and bade farewell to my friend. My journey was very melancholy. At first I wished to hurry on, for I longed
to console and sympathise with my loved and sorrowing friends; but when I
drew near my native town, I slackened my progress. I could hardly sustain
the multitude of feelings that crowded into my mind. I passed through
scenes familiar to my youth, but which I had not seen for nearly six years.
How altered every thing might be during that time! One sudden and
desolating change had taken place; but a thousand little circumstances
might have by degrees worked other alterations, which, although they were
done more tranquilly, might not be the less decisive. Fear overcame me; I
dared no advance, dreading a thousand nameless evils that made me tremble,
although I was unable to define them. I remained two days at Lausanne, in this painful state of mind. I
contemplated the lake: the waters were placid; all around was calm; and the
snowy mountains, “the palaces of nature,” were not changed. By
degrees the calm and heavenly scene restored me, and I continued my journey
towards Geneva. The road ran by the side of the lake, which became narrower as I
approached my native town. I discovered more distinctly the black
sides of Jura, and the bright summit of Mont Blanc. I wept like a
child. “Dear mountains! my own beautiful lake! how do you welcome your
wanderer? Your summits are clear; the sky and lake are blue and
placid. Is this to prognosticate peace, or to mock at my unhappiness?”",1.0,Narrative Reconstruction,3.0,"The passage represents emotional reflection and narrative reconstruction as Victor revisits familiar landscapes from his childhood and processes changes in his life. Although the passage contains fear and grief, interaction with memory and nature provides gradual emotional restoration and meaning-making.",
123,"“The volume of _Plutarch’s Lives_ which I possessed contained the
histories of the first founders of the ancient republics. This book
had a far different effect upon me from the _Sorrows of Werter_. I
learned from Werter’s imaginations despondency and gloom, but Plutarch
taught me high thoughts; he elevated me above the wretched sphere of my
own reflections, to admire and love the heroes of past ages. Many
things I read surpassed my understanding and experience. I had a very
confused knowledge of kingdoms, wide extents of country, mighty rivers,
and boundless seas. But I was perfectly unacquainted with towns and
large assemblages of men. The cottage of my protectors had been the
only school in which I had studied human nature, but this book
developed new and mightier scenes of action. I read of men concerned
in public affairs, governing or massacring their species. I felt the
greatest ardour for virtue rise within me, and abhorrence for vice, as
far as I understood the signification of those terms, relative as they
were, as I applied them, to pleasure and pain alone. Induced by these
feelings, I was of course led to admire peaceable lawgivers, Numa,
Solon, and Lycurgus, in preference to Romulus and Theseus. The
patriarchal lives of my protectors caused these impressions to take a
firm hold on my mind; perhaps, if my first introduction to humanity had
been made by a young soldier, burning for glory and slaughter, I should
have been imbued with different sensations. “But _Paradise Lost_ excited different and far deeper emotions. I read
it, as I had read the other volumes which had fallen into my hands, as
a true history. It moved every feeling of wonder and awe that the
picture of an omnipotent God warring with his creatures was capable of
exciting. I often referred the several situations, as their similarity
struck me, to my own. Like Adam, I was apparently united by no link to
any other being in existence; but his state was far different from mine
in every other respect. He had come forth from the hands of God a
perfect creature, happy and prosperous, guarded by the especial care of
his Creator; he was allowed to converse with and acquire knowledge from
beings of a superior nature, but I was wretched, helpless, and alone.
Many times I considered Satan as the fitter emblem of my condition, for
often, like him, when I viewed the bliss of my protectors, the bitter
gall of envy rose within me.",1.0,Narrative Reconstruction,4.0,"The passage represents narrative reconstruction through self-education and moral reflection. The creature describes how literature transforms his understanding of humanity, virtue, and his own identity. The movement from despair toward higher thoughts demonstrates a strong process of psychological and intellectual development.",
185,"Still, as I urged our leaving Ireland with such inquietude and impatience,
my father thought it best to yield. We took our passage on board a vessel
bound for Havre-de-Grace and sailed with a fair wind from the Irish shores.
It was midnight. I lay on the deck looking at the stars and listening to
the dashing of the waves. I hailed the darkness that shut Ireland from my
sight, and my pulse beat with a feverish joy when I reflected that I should
soon see Geneva. The past appeared to me in the light of a frightful dream;
yet the vessel in which I was, the wind that blew me from the detested
shore of Ireland, and the sea which surrounded me, told me too forcibly
that I was deceived by no vision and that Clerval, my friend and dearest
companion, had fallen a victim to me and the monster of my creation. I
repassed, in my memory, my whole life; my quiet happiness while residing
with my family in Geneva, the death of my mother, and my departure for
Ingolstadt. I remembered, shuddering, the mad enthusiasm that hurried me on
to the creation of my hideous enemy, and I called to mind the night in
which he first lived. I was unable to pursue the train of thought; a
thousand feelings pressed upon me, and I wept bitterly. Ever since my recovery from the fever, I had been in the custom of taking
every night a small quantity of laudanum, for it was by means of this drug
only that I was enabled to gain the rest necessary for the preservation of
life. Oppressed by the recollection of my various misfortunes, I now
swallowed double my usual quantity and soon slept profoundly. But sleep did
not afford me respite from thought and misery; my dreams presented a
thousand objects that scared me. Towards morning I was possessed by a kind
of nightmare; I felt the fiend’s grasp in my neck and could not free
myself from it; groans and cries rang in my ears. My father, who was
watching over me, perceiving my restlessness, awoke me; the dashing waves
were around, the cloudy sky above, the fiend was not here: a sense of
security, a feeling that a truce was established between the present hour
and the irresistible, disastrous future imparted to me a kind of calm
forgetfulness, of which the human mind is by its structure peculiarly
susceptible.",1.0,Narrative Reconstruction,3.0,"The passage represents narrative reconstruction through Victor's recollection of significant life events, including family memories, loss, and personal responsibility. Although dominated by guilt and suffering, the act of reviewing his life history reflects an attempt to process trauma and understand his experiences.",
43,"The summer months passed while I was thus engaged, heart and soul, in
one pursuit. It was a most beautiful season; never did the fields
bestow a more plentiful harvest or the vines yield a more luxuriant
vintage, but my eyes were insensible to the charms of nature. And the
same feelings which made me neglect the scenes around me caused me also
to forget those friends who were so many miles absent, and whom I had
not seen for so long a time. I knew my silence disquieted them, and I
well remembered the words of my father: “I know that while you are
pleased with yourself you will think of us with affection, and we shall
hear regularly from you. You must pardon me if I regard any
interruption in your correspondence as a proof that your other duties
are equally neglected.” I knew well therefore what would be my father’s feelings, but I could
not tear my thoughts from my employment, loathsome in itself, but which
had taken an irresistible hold of my imagination. I wished, as it
were, to procrastinate all that related to my feelings of affection
until the great object, which swallowed up every habit of my nature,
should be completed. I then thought that my father would be unjust if he ascribed my neglect
to vice or faultiness on my part, but I am now convinced that he was
justified in conceiving that I should not be altogether free from
blame. A human being in perfection ought always to preserve a calm and
peaceful mind and never to allow passion or a transitory desire to
disturb his tranquillity. I do not think that the pursuit of knowledge
is an exception to this rule. If the study to which you apply yourself
has a tendency to weaken your affections and to destroy your taste for
those simple pleasures in which no alloy can possibly mix, then that
study is certainly unlawful, that is to say, not befitting the human
mind. If this rule were always observed; if no man allowed any pursuit
whatsoever to interfere with the tranquillity of his domestic
affections, Greece had not been enslaved, Cæsar would have spared his
country, America would have been discovered more gradually, and the
empires of Mexico and Peru had not been destroyed.",0.0,,0.0,"The passage describes Victor's obsessive scientific pursuit and emotional isolation rather than a therapeutic process. Although he remembers his family and recognizes their concern, the passage focuses on withdrawal, neglect of relationships, and loss of connection.",
114,"“I cannot describe to you the agony that these reflections inflicted
upon me; I tried to dispel them, but sorrow only increased with
knowledge. Oh, that I had for ever remained in my native wood, nor
known nor felt beyond the sensations of hunger, thirst, and heat! “Of what a strange nature is knowledge! It clings to the mind when it
has once seized on it like a lichen on the rock. I wished sometimes to
shake off all thought and feeling, but I learned that there was but one
means to overcome the sensation of pain, and that was death—a state
which I feared yet did not understand. I admired virtue and good
feelings and loved the gentle manners and amiable qualities of my
cottagers, but I was shut out from intercourse with them, except
through means which I obtained by stealth, when I was unseen and
unknown, and which rather increased than satisfied the desire I had of
becoming one among my fellows. The gentle words of Agatha and the
animated smiles of the charming Arabian were not for me. The mild
exhortations of the old man and the lively conversation of the loved
Felix were not for me. Miserable, unhappy wretch! “Other lessons were impressed upon me even more deeply. I heard of the
difference of sexes, and the birth and growth of children, how the
father doted on the smiles of the infant, and the lively sallies of the
older child, how all the life and cares of the mother were wrapped up
in the precious charge, how the mind of youth expanded and gained
knowledge, of brother, sister, and all the various relationships which
bind one human being to another in mutual bonds.",1.0,Narrative Reconstruction,3.0,"The passage represents narrative reconstruction through deep reflection on knowledge, suffering, identity, and social isolation. The speaker examines how experience has shaped his understanding of himself and his desire for connection, although the emotional state remains painful.",
153,"Clerval! Beloved friend! Even now it delights me to record your words and
to dwell on the praise of which you are so eminently deserving. He was a
being formed in the “very poetry of nature.” His wild and
enthusiastic imagination was chastened by the sensibility of his heart. His
soul overflowed with ardent affections, and his friendship was of that
devoted and wondrous nature that the worldly-minded teach us to look for only
in the imagination. But even human sympathies were not sufficient to
satisfy his eager mind. The scenery of external nature, which others regard
only with admiration, he loved with ardour:— ——The sounding cataract
    Haunted him like a passion: the tall rock,
    The mountain, and the deep and gloomy wood,
    Their colours and their forms, were then to him
    An appetite; a feeling, and a love,
    That had no need of a remoter charm,
    By thought supplied, or any interest
    Unborrow’d from the eye. [Wordsworth’s “Tintern Abbey”.] And where does he now exist? Is this gentle and lovely being lost
for ever? Has this mind, so replete with ideas, imaginations fanciful
and magnificent, which formed a world, whose existence depended on the
life of its creator;—has this mind perished? Does it now only exist
in my memory? No, it is not thus; your form so divinely wrought, and
beaming with beauty, has decayed, but your spirit still visits and
consoles your unhappy friend. Pardon this gush of sorrow; these ineffectual words are but a slight
tribute to the unexampled worth of Henry, but they soothe my heart,
overflowing with the anguish which his remembrance creates. I will
proceed with my tale.",1.0,Emotional Catharsis,4.0,"The passage represents emotional catharsis through Victor's remembrance and appreciation of Clerval. By expressing admiration, affection, and the emotional significance of friendship, the passage transforms grief into a reflective acknowledgement of human connection.",
60,"“He was conveyed home, and the anguish that was visible in my
countenance betrayed the secret to Elizabeth. She was very earnest to
see the corpse. At first I attempted to prevent her but she persisted,
and entering the room where it lay, hastily examined the neck of the
victim, and clasping her hands exclaimed, ‘O God! I have murdered my
darling child!’ “She fainted, and was restored with extreme difficulty. When she again
lived, it was only to weep and sigh. She told me, that that same
evening William had teased her to let him wear a very valuable
miniature that she possessed of your mother. This picture is gone, and
was doubtless the temptation which urged the murderer to the deed. We
have no trace of him at present, although our exertions to discover him
are unremitted; but they will not restore my beloved William! “Come, dearest Victor; you alone can console Elizabeth. She weeps
continually, and accuses herself unjustly as the cause of his death;
her words pierce my heart. We are all unhappy; but will not that be an
additional motive for you, my son, to return and be our comforter?
Your dear mother! Alas, Victor! I now say, Thank God she did not live
to witness the cruel, miserable death of her youngest darling! “Come, Victor; not brooding thoughts of vengeance against the assassin,
but with feelings of peace and gentleness, that will heal, instead of
festering, the wounds of our minds. Enter the house of mourning, my
friend, but with kindness and affection for those who love you, and not
with hatred for your enemies.",0.0,,0.0,"The passage represents intense grief, guilt, and emotional suffering after William's death. Although it contains strong emotional expression, it does not demonstrate therapeutic processing, reflection, acceptance, or transformation.",
214,"His tale is connected and told with an appearance of the simplest truth,
yet I own to you that the letters of Felix and Safie, which he showed me,
and the apparition of the monster seen from our ship, brought to me a
greater conviction of the truth of his narrative than his asseverations,
however earnest and connected. Such a monster has, then, really existence!
I cannot doubt it, yet I am lost in surprise and admiration. Sometimes I
endeavoured to gain from Frankenstein the particulars of his
creature’s formation, but on this point he was impenetrable. “Are you mad, my friend?” said he. “Or whither does your
senseless curiosity lead you? Would you also create for yourself and the
world a demoniacal enemy? Peace, peace! Learn my miseries and do not seek
to increase your own.” Frankenstein discovered that I made notes concerning his history; he asked
to see them and then himself corrected and augmented them in many places,
but principally in giving the life and spirit to the conversations he held
with his enemy. “Since you have preserved my narration,” said
he, “I would not that a mutilated one should go down to
posterity.” Thus has a week passed away, while I have listened to the strangest
tale that ever imagination formed. My thoughts and every feeling of my
soul have been drunk up by the interest for my guest which this tale
and his own elevated and gentle manners have created. I wish to soothe
him, yet can I counsel one so infinitely miserable, so destitute of
every hope of consolation, to live? Oh, no! The only joy that he can
now know will be when he composes his shattered spirit to peace and
death. Yet he enjoys one comfort, the offspring of solitude and
delirium; he believes that when in dreams he holds converse with his
friends and derives from that communion consolation for his miseries or
excitements to his vengeance, that they are not the creations of his
fancy, but the beings themselves who visit him from the regions of a
remote world. This faith gives a solemnity to his reveries that render
them to me almost as imposing and interesting as truth.",1.0,Narrative Reconstruction,3.0,"The passage represents narrative reconstruction through the recording, correction, and interpretation of Frankenstein's personal history. The process of organizing traumatic experiences into a coherent narrative reflects meaning-making and preservation of personal experience.",
222,"“Yet I cannot ask you to renounce your country and friends to fulfil
this task; and now that you are returning to England, you will have
little chance of meeting with him. But the consideration of these
points, and the well balancing of what you may esteem your duties, I
leave to you; my judgment and ideas are already disturbed by the near
approach of death. I dare not ask you to do what I think right, for I
may still be misled by passion. “That he should live to be an instrument of mischief disturbs me; in
other respects, this hour, when I momentarily expect my release, is the
only happy one which I have enjoyed for several years. The forms of
the beloved dead flit before me, and I hasten to their arms. Farewell,
Walton! Seek happiness in tranquillity and avoid ambition, even if it
be only the apparently innocent one of distinguishing yourself in
science and discoveries. Yet why do I say this? I have myself been
blasted in these hopes, yet another may succeed.” His voice became fainter as he spoke, and at length, exhausted by his
effort, he sank into silence. About half an hour afterwards he
attempted again to speak but was unable; he pressed my hand feebly, and
his eyes closed for ever, while the irradiation of a gentle smile passed
away from his lips. Margaret, what comment can I make on the untimely extinction of this
glorious spirit? What can I say that will enable you to understand the
depth of my sorrow? All that I should express would be inadequate and
feeble. My tears flow; my mind is overshadowed by a cloud of
disappointment. But I journey towards England, and I may there find
consolation.",1.0,Narrative Reconstruction,4.0,"The passage represents narrative reconstruction as Victor reflects on his life, recognizes the consequences of ambition, and transforms personal suffering into advice for Walton. The experience is reframed into moral understanding and meaning-making.",
215,"Our conversations are not always confined to his own history and
misfortunes. On every point of general literature he displays
unbounded knowledge and a quick and piercing apprehension. His
eloquence is forcible and touching; nor can I hear him, when he relates
a pathetic incident or endeavours to move the passions of pity or love,
without tears. What a glorious creature must he have been in the days
of his prosperity, when he is thus noble and godlike in ruin! He seems
to feel his own worth and the greatness of his fall. “When younger,” said he, “I believed myself destined for
some great enterprise. My feelings are profound, but I possessed a coolness
of judgment that fitted me for illustrious achievements. This sentiment of
the worth of my nature supported me when others would have been oppressed,
for I deemed it criminal to throw away in useless grief those talents that
might be useful to my fellow creatures. When I reflected on the work I had
completed, no less a one than the creation of a sensitive and rational
animal, I could not rank myself with the herd of common projectors. But
this thought, which supported me in the commencement of my career, now
serves only to plunge me lower in the dust. All my speculations and hopes
are as nothing, and like the archangel who aspired to omnipotence, I am
chained in an eternal hell. My imagination was vivid, yet my powers of
analysis and application were intense; by the union of these qualities I
conceived the idea and executed the creation of a man. Even now I cannot
recollect without passion my reveries while the work was incomplete. I trod
heaven in my thoughts, now exulting in my powers, now burning with the idea
of their effects. From my infancy I was imbued with high hopes and a lofty
ambition; but how am I sunk! Oh! My friend, if you had known me as I once
was, you would not recognise me in this state of degradation. Despondency
rarely visited my heart; a high destiny seemed to bear me on, until I fell,
never, never again to rise.”",1.0,Narrative Reconstruction,4.0,"The passage represents narrative reconstruction through Victor's reflection on his former ambitions, suffering, and personal worth. His experiences are transformed into self-understanding, while emotional communication with Walton creates a meaningful interpretation of his life story.",
