passage_id,text,therapeutic_label,predicted_label,correct
125,"“Several changes, in the meantime, took place in the cottage. The
presence of Safie diffused happiness among its inhabitants, and I also
found that a greater degree of plenty reigned there. Felix and Agatha
spent more time in amusement and conversation, and were assisted in
their labours by servants. They did not appear rich, but they were
contented and happy; their feelings were serene and peaceful, while
mine became every day more tumultuous. Increase of knowledge only
discovered to me more clearly what a wretched outcast I was. I
cherished hope, it is true, but it vanished when I beheld my person
reflected in water or my shadow in the moonshine, even as that frail
image and that inconstant shade. “I endeavoured to crush these fears and to fortify myself for the trial
which in a few months I resolved to undergo; and sometimes I allowed my
thoughts, unchecked by reason, to ramble in the fields of Paradise, and
dared to fancy amiable and lovely creatures sympathising with my
feelings and cheering my gloom; their angelic countenances breathed
smiles of consolation. But it was all a dream; no Eve soothed my
sorrows nor shared my thoughts; I was alone. I remembered Adam’s
supplication to his Creator. But where was mine? He had abandoned me,
and in the bitterness of my heart I cursed him. “Autumn passed thus. I saw, with surprise and grief, the leaves decay
and fall, and nature again assume the barren and bleak appearance it
had worn when I first beheld the woods and the lovely moon. Yet I did
not heed the bleakness of the weather; I was better fitted by my
conformation for the endurance of cold than heat. But my chief
delights were the sight of the flowers, the birds, and all the gay
apparel of summer; when those deserted me, I turned with more attention
towards the cottagers. Their happiness was not decreased by the
absence of summer. They loved and sympathised with one another; and
their joys, depending on each other, were not interrupted by the
casualties that took place around them. The more I saw of them, the
greater became my desire to claim their protection and kindness; my
heart yearned to be known and loved by these amiable creatures; to see
their sweet looks directed towards me with affection was the utmost
limit of my ambition. I dared not think that they would turn them from
me with disdain and horror. The poor that stopped at their door were
never driven away. I asked, it is true, for greater treasures than a
little food or rest: I required kindness and sympathy; but I did not
believe myself utterly unworthy of it.",0.0,0.0,True
151,"It was in the latter end of September that I again quitted my native
country. My journey had been my own suggestion, and Elizabeth
therefore acquiesced, but she was filled with disquiet at the idea of
my suffering, away from her, the inroads of misery and grief. It had
been her care which provided me a companion in Clerval—and yet a man
is blind to a thousand minute circumstances which call forth a woman’s
sedulous attention. She longed to bid me hasten my return; a thousand
conflicting emotions rendered her mute as she bade me a tearful, silent
farewell. I threw myself into the carriage that was to convey me away, hardly
knowing whither I was going, and careless of what was passing around.
I remembered only, and it was with a bitter anguish that I reflected on
it, to order that my chemical instruments should be packed to go with
me. Filled with dreary imaginations, I passed through many beautiful
and majestic scenes, but my eyes were fixed and unobserving. I could
only think of the bourne of my travels and the work which was to occupy
me whilst they endured. After some days spent in listless indolence, during which I traversed
many leagues, I arrived at Strasburgh, where I waited two days for
Clerval. He came. Alas, how great was the contrast between us! He
was alive to every new scene, joyful when he saw the beauties of the
setting sun, and more happy when he beheld it rise and recommence a new
day. He pointed out to me the shifting colours of the landscape and
the appearances of the sky. “This is what it is to live,” he cried;
“now I enjoy existence! But you, my dear Frankenstein, wherefore are
you desponding and sorrowful!” In truth, I was occupied by gloomy
thoughts and neither saw the descent of the evening star nor the golden
sunrise reflected in the Rhine. And you, my friend, would be far more
amused with the journal of Clerval, who observed the scenery with an
eye of feeling and delight, than in listening to my reflections. I, a
miserable wretch, haunted by a curse that shut up every avenue to
enjoyment.",0.0,1.0,False
78,"I could not answer. “No, Justine,” said Elizabeth; “he is more
convinced of your innocence than I was, for even when he heard that you
had confessed, he did not credit it.” “I truly thank him. In these last moments I feel the sincerest
gratitude towards those who think of me with kindness. How sweet is
the affection of others to such a wretch as I am! It removes more than
half my misfortune, and I feel as if I could die in peace now that my
innocence is acknowledged by you, dear lady, and your cousin.” Thus the poor sufferer tried to comfort others and herself. She indeed
gained the resignation she desired. But I, the true murderer, felt the
never-dying worm alive in my bosom, which allowed of no hope or
consolation. Elizabeth also wept and was unhappy, but hers also was
the misery of innocence, which, like a cloud that passes over the fair
moon, for a while hides but cannot tarnish its brightness. Anguish and
despair had penetrated into the core of my heart; I bore a hell within
me which nothing could extinguish. We stayed several hours with
Justine, and it was with great difficulty that Elizabeth could tear
herself away. “I wish,” cried she, “that I were to die with you; I
cannot live in this world of misery.” Justine assumed an air of cheerfulness, while she with difficulty
repressed her bitter tears. She embraced Elizabeth and said in a voice
of half-suppressed emotion, “Farewell, sweet lady, dearest Elizabeth,
my beloved and only friend; may heaven, in its bounty, bless and
preserve you; may this be the last misfortune that you will ever
suffer! Live, and be happy, and make others so.”",1.0,0.0,False
62,"Clerval spoke thus as we hurried through the streets; the words
impressed themselves on my mind and I remembered them afterwards in
solitude. But now, as soon as the horses arrived, I hurried into a
cabriolet, and bade farewell to my friend. My journey was very melancholy. At first I wished to hurry on, for I longed
to console and sympathise with my loved and sorrowing friends; but when I
drew near my native town, I slackened my progress. I could hardly sustain
the multitude of feelings that crowded into my mind. I passed through
scenes familiar to my youth, but which I had not seen for nearly six years.
How altered every thing might be during that time! One sudden and
desolating change had taken place; but a thousand little circumstances
might have by degrees worked other alterations, which, although they were
done more tranquilly, might not be the less decisive. Fear overcame me; I
dared no advance, dreading a thousand nameless evils that made me tremble,
although I was unable to define them. I remained two days at Lausanne, in this painful state of mind. I
contemplated the lake: the waters were placid; all around was calm; and the
snowy mountains, “the palaces of nature,” were not changed. By
degrees the calm and heavenly scene restored me, and I continued my journey
towards Geneva. The road ran by the side of the lake, which became narrower as I
approached my native town. I discovered more distinctly the black
sides of Jura, and the bright summit of Mont Blanc. I wept like a
child. “Dear mountains! my own beautiful lake! how do you welcome your
wanderer? Your summits are clear; the sky and lake are blue and
placid. Is this to prognosticate peace, or to mock at my unhappiness?”",1.0,1.0,True
79,"And on the morrow Justine died. Elizabeth’s heart-rending eloquence
failed to move the judges from their settled conviction in the
criminality of the saintly sufferer. My passionate and indignant
appeals were lost upon them. And when I received their cold answers
and heard the harsh, unfeeling reasoning of these men, my purposed
avowal died away on my lips. Thus I might proclaim myself a madman,
but not revoke the sentence passed upon my wretched victim. She
perished on the scaffold as a murderess! From the tortures of my own heart, I turned to contemplate the deep and
voiceless grief of my Elizabeth. This also was my doing! And my
father’s woe, and the desolation of that late so smiling home all was
the work of my thrice-accursed hands! Ye weep, unhappy ones, but these
are not your last tears! Again shall you raise the funeral wail, and
the sound of your lamentations shall again and again be heard!
Frankenstein, your son, your kinsman, your early, much-loved friend; he
who would spend each vital drop of blood for your sakes, who has no
thought nor sense of joy except as it is mirrored also in your dear
countenances, who would fill the air with blessings and spend his life
in serving you—he bids you weep, to shed countless tears; happy beyond
his hopes, if thus inexorable fate be satisfied, and if the destruction
pause before the peace of the grave have succeeded to your sad torments! Thus spoke my prophetic soul, as, torn by remorse, horror, and despair,
I beheld those I loved spend vain sorrow upon the graves of William and
Justine, the first hapless victims to my unhallowed arts.",0.0,0.0,True
26,"I feel exquisite pleasure in dwelling on the recollections of childhood,
before misfortune had tainted my mind and changed its bright visions of
extensive usefulness into gloomy and narrow reflections upon self. Besides,
in drawing the picture of my early days, I also record those events which
led, by insensible steps, to my after tale of misery, for when I would
account to myself for the birth of that passion which afterwards ruled my
destiny I find it arise, like a mountain river, from ignoble and almost
forgotten sources; but, swelling as it proceeded, it became the torrent
which, in its course, has swept away all my hopes and joys. Natural philosophy is the genius that has regulated my fate; I desire,
therefore, in this narration, to state those facts which led to my
predilection for that science. When I was thirteen years of age we all went
on a party of pleasure to the baths near Thonon; the inclemency of the
weather obliged us to remain a day confined to the inn. In this house I
chanced to find a volume of the works of Cornelius Agrippa. I opened it
with apathy; the theory which he attempts to demonstrate and the wonderful
facts which he relates soon changed this feeling into enthusiasm. A new
light seemed to dawn upon my mind, and bounding with joy, I communicated my
discovery to my father. My father looked carelessly at the title page of my
book and said, “Ah! Cornelius Agrippa! My dear Victor, do not waste
your time upon this; it is sad trash.”",1.0,1.0,True
81,"This advice, although good, was totally inapplicable to my case; I
should have been the first to hide my grief and console my friends if
remorse had not mingled its bitterness, and terror its alarm, with my
other sensations. Now I could only answer my father with a look of
despair and endeavour to hide myself from his view. About this time we retired to our house at Belrive. This change was
particularly agreeable to me. The shutting of the gates regularly at
ten o’clock and the impossibility of remaining on the lake after that
hour had rendered our residence within the walls of Geneva very irksome
to me. I was now free. Often, after the rest of the family had
retired for the night, I took the boat and passed many hours upon the
water. Sometimes, with my sails set, I was carried by the wind; and
sometimes, after rowing into the middle of the lake, I left the boat to
pursue its own course and gave way to my own miserable reflections. I
was often tempted, when all was at peace around me, and I the only
unquiet thing that wandered restless in a scene so beautiful and
heavenly—if I except some bat, or the frogs, whose harsh and
interrupted croaking was heard only when I approached the shore—often,
I say, I was tempted to plunge into the silent lake, that the waters
might close over me and my calamities for ever. But I was restrained,
when I thought of the heroic and suffering Elizabeth, whom I tenderly
loved, and whose existence was bound up in mine. I thought also of my
father and surviving brother; should I by my base desertion leave them
exposed and unprotected to the malice of the fiend whom I had let loose
among them?",0.0,0.0,True
16,"Will you smile at the enthusiasm I express concerning this divine
wanderer? You would not if you saw him. You have been tutored and
refined by books and retirement from the world, and you are therefore
somewhat fastidious; but this only renders you the more fit to
appreciate the extraordinary merits of this wonderful man. Sometimes I
have endeavoured to discover what quality it is which he possesses that
elevates him so immeasurably above any other person I ever knew. I
believe it to be an intuitive discernment, a quick but never-failing
power of judgment, a penetration into the causes of things, unequalled
for clearness and precision; add to this a facility of expression and a
voice whose varied intonations are soul-subduing music. August 19th, 17—. Yesterday the stranger said to me, “You may easily perceive, Captain
Walton, that I have suffered great and unparalleled misfortunes. I had
determined at one time that the memory of these evils should die with
me, but you have won me to alter my determination. You seek for
knowledge and wisdom, as I once did; and I ardently hope that the
gratification of your wishes may not be a serpent to sting you, as mine
has been. I do not know that the relation of my disasters will be
useful to you; yet, when I reflect that you are pursuing the same
course, exposing yourself to the same dangers which have rendered me
what I am, I imagine that you may deduce an apt moral from my tale, one
that may direct you if you succeed in your undertaking and console you
in case of failure. Prepare to hear of occurrences which are usually
deemed marvellous. Were we among the tamer scenes of nature I might
fear to encounter your unbelief, perhaps your ridicule; but many things
will appear possible in these wild and mysterious regions which would
provoke the laughter of those unacquainted with the ever-varied powers
of nature; nor can I doubt but that my tale conveys in its series
internal evidence of the truth of the events of which it is composed.”",1.0,1.0,True
