word,weight
miserable,-0.275489874977093
mind,0.25648804646190576
eyes,-0.24772432868413313
feel,0.24291505634200872
dear,0.23914438527114432
tale,0.23541731427438858
night,-0.23444701057777706
voice,0.22097468611564622
nature,0.21293499393501622
shall,-0.2123666712787787
justine,-0.21057299432758966
remorse,-0.2050756504187321
knowledge,0.20290819748130626
creation,0.20097988548455545
heaven,0.19286026444366278
mountains,0.19195123892870317
william,-0.18852889887091417
lady,0.18746637824803233
despair,0.18567833640250017
died,-0.18477080663201007
years,0.18230904523712627
beauty,0.1790843761551958
room,-0.17813489451052383
poor,-0.17810211083018057
wandered,-0.17736993260390418
friend,0.1766359806631038
oh,0.1766092407685096
spend,-0.17491528835250797
hand,0.17440362009998672
months,-0.17312667706576573
virtue,0.17170903669845528
language,-0.1712129954071576
half,0.1711184650361358
father,-0.16926107404465682
gentle,0.16465501193139231
seek,0.16345474655999093
high,0.16231705401314972
malice,-0.1620085954730072
house,-0.16134915069255765
near,0.16120421502489443
wedding,-0.15987563568185642
does,0.15623982308271123
french,-0.15524405391327606
ice,-0.15465020857420111
free,-0.15309668818849947
led,0.15129551583996012
alas,-0.1506144931054596
health,-0.14938665757251268
england,0.1487084191554785
lively,0.14751850413270956
instead,-0.14645815045835356
die,0.146125541387305
calm,0.14558318159221836
fixed,-0.14551404135684112
beheld,-0.1454755143571177
fallen,0.14521922607915203
kindness,-0.14378105149654388
lower,0.14283636175125677
home,-0.1425557754459542
passion,0.14195794531231962
read,0.1405666220057034
beautiful,-0.13970899252232938
peaceful,-0.13864455258108682
appearance,-0.13738185259821037
pursuit,-0.1365530607702371
ireland,0.13653533396635292
qualities,0.13526957390422728
resolved,-0.13501073786906367
ah,0.13474215448640164
forms,0.13403605147811581
worth,0.13363799507761476
murder,-0.13329024315817106
changed,0.13288449791958368
study,-0.13280540660072146
desired,0.13244550548092254
weep,-0.13241372294234097
judgment,0.1318762528754912
entered,-0.13150765157626995
boat,-0.13088588741006146
innocence,0.13060840191261186
attention,-0.13001784788518955
deemed,0.12984238138589077
means,0.12938322987689205
period,-0.1290568858452319
world,0.12869546767834855
things,0.1280318674268956
food,-0.1277840423619733
friendship,0.12711169168101566
marriage,-0.1270217985293774
manner,-0.1266317447990001
learn,0.12549853088066407
spirit,0.12485980707054714
rest,-0.12471265056730656
countenance,0.12420525498160613
visit,0.12368336805676393
cold,-0.1236114148073054
family,-0.12306681679625281
enter,-0.12284102222771899
misery,0.12214575639247947
wonderful,0.12201700955493051
enthusiasm,0.12196557024015288
fears,-0.1216943657633505
round,-0.12108612438732137
let,-0.12072265503579598
threat,-0.12054801619196798
power,0.12049784537097614
destruction,-0.11836754011617505
allow,-0.11804823455026561
gain,0.11793499665758682
regions,0.11731074703919106
suffer,0.11688655875104957
conscience,-0.11687276139700005
outcast,-0.11658955316925419
bed,-0.11612080797649135
misfortune,0.11590011501393994
hatred,-0.11588952108032378
hastily,-0.11560083944481951
ask,0.11550852083995437
mad,0.11537013324283026
ocean,-0.11529040704539029
protectors,0.11379393128970218
tears,-0.1137782876067732
heart,-0.11358180642991901
base,-0.11351398254652016
book,0.11288596048073744
powers,0.11275272157519056
blood,-0.11265794222419215
sledge,-0.11239322875399377
lay,-0.11196174669093376
truth,0.11073019548145185
rent,0.1105870391991042
summer,-0.11047923925176632
life,0.11037645745339436
quitted,-0.1101017405107764
ernest,-0.1099544701526034
various,0.1097818723707375
suddenly,-0.10972792519073286
shone,0.109447200257656
revenge,-0.10921765186991407
murderer,-0.10818028089625385
sister,0.10744543515803077
morning,-0.10681584546482421
woman,-0.10630481413572841
instruction,0.10619478012145067
deaths,-0.10581888232932318
converse,0.10545124465350965
rage,-0.10533264332327895
aunt,-0.10508230226201608
blessed,0.10493323731706954
varied,0.10455977481431014
sympathy,0.10387744339496478
man,-0.10380916335065618
destroy,-0.1029799966452566
discovered,-0.10263747624929367
darling,-0.10263277156034176
appears,0.1025539594761448
believe,0.10225572328719447
just,-0.10220029628598169
fiend,-0.10199797928905112
come,-0.10123241720304244
youthful,-0.10092713400071973
tomb,-0.10092713400071973
union,-0.10075883834089086
returned,-0.10013031090147738
fills,0.09998842526001708
terrible,0.09998842526001708
true,0.09972442701830193
cornelius,0.09954412333780875
agrippa,0.09954412333780875
exist,0.09937940525355611
supported,0.09904063561766474
torture,-0.09890939798414415
express,0.0988684829151948
walton,0.0988684829151948
succeed,0.0988684829151948
obtained,0.09885661311458444
visions,0.09810487612069417
animal,0.09787867785388306
endure,0.09775228235089665
accused,-0.09772082265015382
moritz,-0.09772082265015382
encompassed,0.09750835458047978
like,0.09739314393480945
ineffectual,0.09723474459079551
passions,0.09708254801991402
hide,-0.09688453754406999
tempted,-0.09688453754406999
difference,0.09688333481801267
margaret,0.09681474594247767
degrees,0.09669524381365616
town,0.09669524381365616
science,0.09661513764872302
instant,-0.09646612813388686
smile,0.09644707679837657
glorious,0.0963889393819119
boundary,0.09631314027626955
brightness,0.09627323158273554
duty,-0.09618846279218476
sweet,0.09611513024521465
tremble,0.0960288508991422
horror,-0.09554741143874276
mountain,0.09549554928383511
sink,-0.09537765063351816
conceal,0.09485194913234102
cease,-0.09484046982878035
pursuing,0.09468416634943828
ill,-0.09452787974921073
visited,-0.09424018200168026
tried,0.09420846838644827
contemplate,-0.09416012774026598
fellows,0.09409505090024521
hills,0.0940916205206497
heard,-0.09399087526827549
river,0.09389201222689504
opened,0.09389201222689504
wood,0.09382144091056094
rock,0.09382144091056094
pursue,-0.09377324749567106
hopeless,-0.09368643220241635
spot,-0.09368643220241635
different,0.09365036563815834
tranquil,0.09353669304615093
blessing,0.09353669304615093
taking,0.093480772947907
said,0.09320295778729318
familiar,0.09312420399195535
succeeded,-0.09307165023989729
clear,0.09261211683931211
melancholy,0.09261211683931211
blanc,0.09261211683931211
mont,0.09261211683931211
natural,0.09243082108296652
works,0.09243082108296652
dwelling,0.09243082108296652
wondrous,0.0923568193870369
devoted,0.0923568193870369
listened,0.09219252995725893
reason,-0.09215425144031185
english,-0.09194329153738381
minute,-0.09191176771120053
blind,-0.09191176771120053
reflect,0.09189588243167082
failing,0.09189588243167082
great,-0.09182795290217885
state,0.09179188003652676
consoles,0.0917900552248893
trace,-0.09156740134624006
exertions,-0.09156740134624006
evening,-0.09152393519978072
bless,0.0915116693683963
progress,0.09115092569538358
rule,-0.09103537384682474
neglect,-0.09103537384682474
dashing,0.09102355597756862
expressed,0.09063204613896408
respite,0.09057612604072016
wanderer,0.09041637875033327
delight,-0.09034378066736137
desponding,-0.09034378066736137
thirst,0.09012338936591636
reflection,0.09011995898632084
quiet,0.09006403888807692
exclaimed,-0.08994174304113353
brother,-0.08992532582168587
passed,-0.0897099476930983
came,-0.08945136312471236
endeavours,0.08941633889838793
record,0.0893689271755148
forward,-0.08929098646157876
son,-0.0892614009526192
relates,0.08921673060463328
suffering,-0.08894146790279597
corpse,-0.08878770541476957
interesting,0.08877579589742884
preyed,-0.0886722136071314
intentions,-0.0886722136071314
prophetic,-0.08861064437306443
smiling,-0.08861064437306443
bright,0.08816303348386147
connected,0.08815609578215274
miseries,0.08815609578215274
daily,-0.08814281565426683
pointed,-0.08809348268875544
imagine,0.08792422089734198
conversation,0.08789544212838599
fair,0.08748408773582353
traveller,-0.08743239726115683
addressed,-0.08743239726115683
places,0.0873146047535003
history,0.0872495700749354
existence,0.08723562134753876
idea,-0.08711324570267934
liberty,-0.08711295951323632
eaten,-0.08711295951323632
inexorable,-0.08698498606795788
shed,-0.08698498606795788
unable,0.08687178124035172
spirits,-0.0867366772341213
harsh,-0.08667893365563444
effect,0.08666952987351054
capable,0.08660420392261504
followed,-0.08651129053010824
safe,-0.08651129053010824
conjured,-0.08651129053010824
tortures,-0.08636621321351053
amiable,-0.08623621114269753
remaining,-0.08620523811778481
carried,-0.08620523811778481
comfort,0.08619584474517544
wish,0.08619584474517544
hear,0.0861611178088596
aid,0.08587048392462486
vain,-0.0858309484415939
destroyed,-0.08582772485556671
aloud,-0.0856481997337526
barred,-0.0856481997337526
prey,-0.0856481997337526
noble,0.0854446773640591
agony,0.08490093966074615
decay,-0.08470954766351436
guest,0.08452632083573285
loose,-0.08446209745275228
regularly,-0.08442541209100131
overcame,0.08439098024328727
narration,0.08432671254197818
admiration,0.08425271084604859
soothe,0.08425271084604859
conversations,0.08410051427516708
reveries,0.08410051427516708
deeply,0.08386929417682895
dreams,0.08386522030078511
track,-0.08361411223871175
vines,-0.08357742687696076
sorrow,0.08349689459225897
concerning,0.08327124360075475
learned,0.08325622619327598
feeling,0.0828585022305693
farewell,0.08277933522655329
happiness,-0.08258082757518984
approached,0.08253669929034377
commence,-0.08222578295789433
murdered,-0.08221423272558954
little,-0.08217719634689359
fellow,0.08201014553770196
double,0.08184290229205209
miles,-0.08183428621192822
experience,0.08179160466975194
lavenza,-0.08156347614603475
adversary,-0.08156347614603475
immediately,-0.08156347614603475
end,-0.08152000999957541
protection,-0.08128713088765607
deserted,-0.08128713088765607
claim,-0.08128713088765607
prepared,-0.08118719386691974
necessary,0.08114524008627534
endured,-0.08114372772046037
unacquainted,0.0810570577247016
crimes,-0.08103407819317018
events,0.08084921170775701
revisit,-0.08065779591405516
ecstasy,-0.08065779591405516
curiosity,0.080554659301404
curse,-0.08036129552647442
happy,0.080343682645047
spent,-0.08020507565022214
asked,0.08017428198093911
try,-0.08013483332468285
dearest,0.0800973528137616
_i,-0.07993781784092821
struggle,-0.07993781784092821
far,0.079909567136763
wickedness,-0.0798753637200692
extent,-0.0798753637200692
temptation,-0.07974700081326307
sorrows,-0.07971914384381693
utmost,-0.07971914384381693
endless,-0.07956153556181321
amidst,-0.07956153556181321
toil,-0.079527789050687
guess,-0.079527789050687
sentence,-0.07925747575241386
way,-0.07925548314948978
lives,0.07900332075198448
volume,0.07880371245822984
precipitate,-0.07877910336782722
burned,-0.07877910336782722
silent,-0.07875983783677284
ardour,0.0787297107623002
directed,-0.07862288349157497
imbued,0.0785775141914187
shunned,-0.07816033051337985
chapter,-0.07816033051337985
inspire,-0.07816033051337985
creatures,0.07796316837061508
countenances,-0.07794254140306062
hurried,0.07778686793237635
consent,-0.07778619745022505
interchange,-0.07778619745022505
desolate,-0.07778619745022505
refuse,-0.07778619745022505
bewildered,-0.07762506574146325
anguish,0.077328885388392
hardly,-0.07728929111833827
weight,-0.07685181307415438
plentiful,-0.0766276719086657
return,-0.07657845871083974
dream,-0.0765723603502401
appeared,0.07650923348264613
enemy,0.07642364296310458
interval,-0.07631654830223777
dissipate,-0.0759033013327652
admire,0.07586262085980146
occupied,-0.07585983518630586
threw,-0.07585983518630586
kind,0.07582747247765445
beloved,0.07572497138571863
fields,-0.07568901983842746
going,-0.07500566971937292
blasted,-0.07484197099540894
fact,-0.07457340763720523
impossible,-0.07457340763720523
related,-0.07453672227545426
felt,0.07413674837222019
enjoyment,-0.0739809866164442
tenderly,-0.07397159061533523
residence,-0.07397159061533523
left,-0.07397159061533523
disposition,-0.07365887017321131
longer,-0.07348230765921258
surrounded,0.07296256657393171
pleasure,0.07229846687992451
beings,0.07192578394548278
dæmon,-0.0718340252462692
formed,0.07165098334371914
friends,0.07161588156432343
imagination,0.07154625625428648
neglected,-0.07134377937451117
exception,-0.07134377937451117
wonder,-0.07133633304256232
alive,-0.07116809186121306
meantime,-0.07089537317603097
rise,0.07061878193165695
inhabitants,-0.07051909089691594
surely,-0.06974307561305773
looks,-0.06973665870292997
spoke,0.06960551522064061
looked,-0.06956203689704216
victim,-0.06915458699248252
reflected,-0.06871884834985607
sky,0.0685057126205716
leaves,-0.06842814126370449
worn,-0.06842814126370449
servants,-0.06842814126370449
apparel,-0.06842814126370449
increased,0.06790297739211415
reflections,0.06778133552590541
brothers,-0.06776653622141988
filled,-0.06731176873128235
course,0.06730996473312252
bitter,0.06723337871630207
creature,0.06720579368500651
hopes,0.06668602992136952
length,0.06543169537524414
benefit,-0.06539141823901366
gay,-0.0652351983627614
thought,-0.06516694198783443
hours,-0.0649876538864466
manners,0.06484240187965445
greater,-0.06476541013376055
told,0.06461977774876232
lost,0.06457476895857964
confirmed,-0.06408290079978818
mean,-0.06408290079978818
saw,-0.06400021957132006
expression,0.06357887456201909
love,0.06140988442522654
elizabeth,-0.060725796643207076
letter,-0.060606104640832006
knew,-0.06038131720838909
work,-0.05958535386622984
mother,-0.05916496904431606
fortune,0.058526201418339266
fondly,0.058526201418339266
flow,0.05775426041997719
fulfil,0.05775426041997719
flit,0.05775426041997719
mischief,0.05709017429807629
flesh,-0.056768347938617396
_ennui_,-0.056768347938617396
pass,0.056681284520477916
soul,0.05666601131110042
ambition,0.056662918089679874
conceived,-0.0564098578871962
observed,-0.05621761711832463
evil,0.056151378663843426
dark,-0.05612687449838804
tear,-0.05606036104421534
duties,0.05581552104074482
facts,0.055805007021078774
determined,0.05570033760789845
flashed,-0.05555694375145282
fortunately,-0.05555694375145282
departure,0.05531293935995757
ingolstadt,0.05531293935995757
fortunate,0.0552935195995521
gained,0.05522514334322679
person,0.05509474565444373
land,-0.05501379691605328
took,-0.05484908092456836
fluctuating,0.054723600128828
fish,0.054723600128828
satisfied,0.05464503964240507
sea,-0.054468440009379136
sacrilege,0.05443634545715409
birth,0.05422551877892727
think,-0.053719079384089936
dared,-0.05334599970205758
abhorred,0.053097390060725336
cloud,0.05259538451436945
19th,0.05227988740715507
yesterday,0.05227988740715507
society,0.05220482207069988
devil,0.052150598056141535
turned,-0.052032928480897724
gives,0.051791407988005474
wild,0.051414756700720404
youngest,-0.05131638578017088
continued,0.05117956509155427
confined,0.05112537224104277
neck,-0.05071704797381714
future,-0.05063271686822856
friendless,-0.050592136317016576
repose,0.050503875566712486
overflowed,0.0504245904886488
2d,0.04999421263000854
write,0.04999421263000854
abbey,0.049689702626778055
wrought,0.049689702626778055
felix,0.049662958503373635
dead,-0.04964023408743279
bitterly,-0.04963145724014996
day,0.04957726506706759
younger,0.04952031780883237
forcible,0.04952031780883237
render,0.04951610075414257
days,-0.04939839958506714
fulfilment,-0.04878288506741531
doubt,0.04869997160356774
presented,-0.04856273148372424
frogs,-0.048442268772034995
flowed,-0.04809423139609238
fled,-0.04809423139609238
fortitude,-0.04809423139609238
freely,-0.04809423139609238
follows,-0.04809423139609238
hands,-0.04806945954231609
funeral,-0.0480257088699731
ye,-0.0480257088699731
possible,0.047838423410888814
large,-0.047788723551171586
desire,0.04773504056936337
fever,-0.04756147185564566
writhing,-0.04749851675272876
sorrowful,0.04734124040585147
difficulty,0.04707211431494149
girl,-0.04652548160782823
drew,0.04651839707877861
wretch,0.046315280265317255
prospect,0.04623179075185643
lived,-0.046126516822939216
quantity,0.04605811071023106
sank,0.04604547884804225
ought,0.04574820434023587
oppressed,0.045680722616596905
pressed,0.04560105005021261
folly,0.045574013396623606
float,-0.04555851532897678
freed,-0.04555851532897678
foreign,-0.04555851532897678
fragment,-0.04555851532897678
follow,-0.04555851532897678
accent,-0.04555851532897678
absent,-0.04551768692341237
forget,-0.04551768692341237
forcibly,0.04551177798878431
past,-0.04541872932817562
remember,-0.04539202757833697
self,-0.04528644975473248
fell,-0.04524956059337608
courage,0.04493552372113252
brought,-0.044642937135071004
useful,0.044389497693886795
quick,0.044389497693886795
restored,-0.044269590259281594
formation,0.04407804789107637
hell,0.04403607097748073
youth,0.043865573869275296
happened,-0.04385661356861627
old,-0.0438198447778661
impressed,0.04337859568441507
live,-0.04329528429427813
emotions,-0.043290522443724784
monster,-0.04301919592657218
change,-0.042849420418540944
seized,0.04257357600718174
eloquence,0.04255695900714741
remain,0.04225330265014511
evils,0.04184262107311636
sense,-0.04182906933654799
destiny,0.041747517569745325
native,0.04152382694783163
divine,0.041520755601368274
apparently,0.041431421072605064
placid,0.041424815712935895
unhappy,0.041275349353005635
enjoy,0.04112295801884311
overwhelmed,-0.041117149755109536
light,0.04109937894468372
deck,-0.04097748047677514
death,-0.040717812243392666
child,0.04069801238080992
proceeded,-0.040635788468022085
gloomy,0.040432105124494674
_to,-0.04018267206398932
recollection,0.040174405257771904
bound,-0.040077527170734185
beauties,0.039778849664902804
wrung,-0.0397638945253435
frost,-0.0397638945253435
frozen,-0.0397638945253435
words,0.039517408218107224
despondency,0.039415252999528076
pardon,-0.03932290381754998
companion,0.0392060600475163
fear,-0.039131725087852134
sufficient,0.03903704631275305
wrong,-0.038893098725112527
frame,-0.038893098725112527
abject,-0.038893098725112527
vengeance,-0.038848666898119444
extinguish,-0.03879190118395068
moments,-0.03879190118395068
absence,-0.03871923623172499
flowers,-0.03871923623172499
yearned,-0.03871923623172499
frail,-0.03871923623172499
fortify,-0.03871923623172499
abandoned,-0.03871923623172499
geneva,0.03867949542580194
retired,0.03862374834056245
joy,0.0386084838891493
rendered,-0.03860394042816973
did,-0.03841460610051517
wind,0.03826037052789547
mourning,-0.03804163229725308
forgotten,-0.037993476212239766
waves,0.03795431811557204
fitter,0.03793131042990073
founders,0.03793131042990073
_plutarch,0.03793131042990073
young,0.03793131042990073
_sorrows,0.03793131042990073
_paradise,0.03793131042990073
received,-0.037623936298562345
terror,-0.037584722480878456
forced,-0.0374368044936574
fond,-0.0374368044936574
wrongfully,-0.0374368044936574
dearer,0.03717400297293272
air,-0.037157654910166746
affections,-0.03715013811038466
passing,-0.03714821391062846
sailors,-0.036949898844202356
discovery,-0.03672519907351989
sensations,0.03654614730382508
seen,-0.03654164935263505
survive,-0.03642147729878866
god,0.03631382617326698
called,-0.036308085961864474
started,-0.0362141504524758
loved,-0.035874787028475644
misfortunes,0.03568810156793
stranger,0.03554494810479369
memory,0.03551688577084386
earth,-0.03497868043229934
greatest,-0.034309573309653965
fully,-0.03388326811070994
fretting,-0.03388326811070994
frank,-0.03388326811070994
cottage,-0.033863351320667825
sound,-0.03374418481086186
shut,-0.03368252139986377
eternal,-0.033264887028661067
look,-0.033074262522413585
circumstances,-0.03275774272398865
restore,-0.03275170622987607
new,0.0326573618571829
silence,-0.032657320008122485
woe,-0.032649892856353044
deep,-0.0323053098349954
discover,-0.032069615884063804
soon,0.03178557841856903
point,0.0314423050500131
fall,-0.031393028717749814
sad,-0.031386479202815946
excited,0.03136410437209613
wretched,-0.031131541307966575
allowed,-0.030849261152264985
scenes,0.03081287128021607
imaginations,0.03064539123712945
cause,-0.030553594841538995
answer,-0.030393635479315256
create,-0.030287630472926236
lips,0.03024162974584831
men,0.030008861025257873
tranquillity,-0.029903927637176423
remembered,-0.029670123849666313
extreme,-0.029470521596740948
thousand,0.029169099117127593
console,-0.02850462393144415
bestow,-0.028446265470583043
possessed,0.028302694032467334
victor,-0.028292696729082814
water,-0.028154948959290382
clerval,-0.02813933693184649
know,-0.02780187067164712
went,-0.027459957176161974
journey,0.027342821332176397
hasten,-0.02725242822401839
ground,-0.02715623540143074
serene,-0.026523177926546425
bitterness,-0.02633978613539024
burning,-0.026316701149632967
conveyed,-0.02617452440481271
eye,-0.026041437586503798
woods,-0.02603080302098222
heat,-0.026027647511936963
good,-0.02574771919995179
convinced,-0.025706849568867048
grief,-0.025529466159957454
beneath,-0.02408051481803071
continually,-0.023880080053746103
guilt,-0.02385745460485443
drops,-0.02374838631990986
smiles,-0.023012189198582222
say,-0.022941542925047766
interrupted,-0.022935546413212684
disturb,-0.022460205428736967
make,0.02226289387445603
creator,-0.022260721863054084
17,-0.022147551175172222
approach,0.02144869426357826
respects,0.02144869426357826
time,0.02105191038672415
elevated,0.020862404914517522
endeavoured,0.020858397705376775
evidence,-0.020301033998537277
known,0.019856334061717638
sight,-0.019657933603600162
long,-0.01949931749267116
accents,0.018949360000637305
knows,0.018949360000637305
cottagers,-0.018915027508567873
weather,-0.018870002912630912
crime,0.018834794155489745
thoughts,0.018784884550587515
shadow,0.01859319227163312
soothed,0.01859319227163312
content,0.018436972395380852
lovely,0.01838648406014951
meet,0.017278257922279862
sufferings,0.017278257922279862
angel,0.017278257922279862
began,0.017264377697821756
mentioned,0.017264377697821756
anxious,0.017264377697821756
right,0.016947233923409702
humanity,-0.01692555772803659
understand,0.016832141946658885
form,0.016831349302028092
forgive,0.01669761353567415
caused,0.016602497214940812
returning,0.016164801729423733
understanding,-0.015837080227667895
understood,-0.015837080227667895
consolation,0.015352971214038497
wept,0.015144710446343674
having,-0.015065132302021824
degree,0.01489241553047724
view,0.014868097685113822
reminds,0.014476093780054293
agatha,0.01438375875742951
contented,0.014380328377833995
taken,0.014250323398118585
suffered,0.014224264608315242
word,0.014071434796878684
recollect,0.01405028721948853
departed,0.013953763460239
weeks,0.013953763460239
wished,0.013769400818161054
add,0.013336887851828355
fancy,0.01331164437646611
freedom,0.013065394028480736
altered,0.012996590098716714
credit,0.012952674788553827
amusement,0.012919137233905465
image,0.012919137233905465
appear,0.012184590288855135
leave,0.012148618110456222
moon,0.011800377225580609
gratitude,0.011644157349328341
single,0.011604202884552208
replied,-0.011502737915056137
forth,-0.011332608214375676
appalling,0.01128315087911122
place,-0.011213372839308575
fate,0.01081290833233143
malignity,0.010704785233099829
hour,-0.010489763743278683
cousin,0.01048544287622735
particulars,-0.010314080143919522
desolation,0.0102310896952502
crush,0.010130853316138003
objects,-0.010114314653640136
need,0.010059360112757022
expectation,0.009974633439885734
joys,0.009931245022383352
delights,0.009857243326453737
fitted,0.009705046755572239
sympathies,0.00970102345020147
pity,0.009548826879319969
frightful,0.009194453297790494
ideas,0.009080580962732798
cries,-0.00902583715327144
forgetfulness,-0.00902583715327144
awoke,-0.00902583715327144
slight,0.008918591256215498
gush,0.008918591256215498
sentiment,0.008766394685334
sunk,0.008766394685334
reality,0.008747149156976481
waste,0.008616310673030094
frankenstein,-0.008606946813606312
action,-0.008596378429364518
executed,0.00839011240621898
taste,0.008271747366084221
country,0.008204467402896546
closed,0.008061009134764704
summit,0.007712697564562185
influence,0.007658357420524854
lest,0.007658357420524854
remained,0.00759177576620882
affection,0.007194082377505375
attempted,0.0068849478099222376
vice,-0.006816552402581
hold,-0.006816552402581
object,0.006810556222155693
pleasures,0.006810556222155693
busy,0.006773870860404708
european,0.006773870860404708
illustrious,-0.006512539581633126
lofty,-0.006512539581633126
earnest,-0.00650383085664143
subjects,0.0064919213393007024
deed,0.006478202888105508
peace,-0.006250722375549245
head,0.0062136604011540485
perish,0.006207106698257104
better,0.0061591917818091535
alarm,0.006156023277903405
encounter,0.006039323915354379
captain,0.006039323915354379
anew,0.006002971905556884
showed,0.0059673262558903655
believes,0.0059673262558903655
dispel,0.00596008694697961
face,0.005956656567384095
moment,0.005921487666007027
human,0.005884319578179098
hope,0.00578938298281284
preserve,0.0056917962138308366
gave,0.005643936125260162
endeavour,0.005643936125260162
created,-0.0053236763242220835
urged,-0.005215587865993348
present,-0.005215587865993348
enabled,0.0051646196133269895
passage,0.0051646196133269895
execution,0.005030730195372174
accompany,0.005030730195372174
doomed,-0.0049982555206986665
safie,0.004815028692917148
surprise,0.004815028692917148
increase,0.004815028692917148
extinguished,0.004753710513338007
shores,-0.004564831286438569
small,-0.004564831286438569
deceived,-0.004564831286438569
listening,-0.00452136513997922
waters,0.004505463335979969
weeping,0.004463966033224569
whilst,0.00426777870693279
obscure,0.004241623360694763
banished,0.004224312560473441
afford,-0.004035433333574002
transitory,0.004022272304388229
scaffold,0.00399027049537494
proclaim,0.00399027049537494
morrow,0.00399027049537494
earlier,-0.003979513235330079
horrible,0.003928701261307961
giving,0.003876376622678909
insensible,0.0038226640106335794
fit,0.0037609184784052367
sun,0.003755691554289546
regard,0.0037486623147039645
superior,0.0036372690730850656
induced,0.0036372690730850656
completed,0.003596465743822465
vessel,0.003588969108947483
believed,0.003559780382071481
enjoys,0.0035000943435638896
case,0.0034481980362813035
sufferer,0.003438274649197688
pain,0.0033769964202150136
conviction,0.003228811901044333
sting,0.003142145623957869
solitude,-0.0031100542279023937
rang,-0.0029391729813320376
ears,-0.0029391729813320376
feelings,-0.002857726565339491
prison,-0.002776735765078808
precious,0.002677066696451128
shore,-0.002633120569008604
excellent,0.0023756059344277568
sublime,0.0023756059344277568
sleep,-0.0023204001268846705
companions,0.00224244627760471
teeth,0.0022136680546186293
gnashed,0.0022136680546186293
materials,-0.002209971602931203
settled,-0.002202910794573768
abhorrence,-0.002200507058062561
ardently,0.0020458852717159044
steps,0.00204283798385006
considered,-0.0020229057401844838
children,-0.00199092851926612
arrived,-0.0019732871887440254
longed,-0.0019732871887440254
bade,-0.0019732871887440254
shake,-0.0018338275797758546
overcome,-0.0018338275797758546
grasp,-0.0017851353549680632
persuaded,0.001707181505688103
away,-0.0016577141678417737
mighty,-0.0016466234610694648
viewed,-0.0016466234610694648
entering,0.0016002776843468882
lake,0.001589458151469047
unfortunate,-0.0015758387448403786
early,0.0015691424460004316
usefulness,0.0015075732119334527
perished,0.0014951407500708167
apparition,-0.0013302376805836096
ship,-0.0013302376805836096
intense,0.0012813749451223387
care,0.0012268037976796002
cried,0.0011757404020361602
unjustly,0.0010335135221992832
enemies,0.0010335135221992832
plunge,0.0009686545029984054
enjoyed,0.0008858674624566075
respect,-0.0008641912670834944
satisfy,0.0008147986615564712
visits,-0.0008108596435500597
proceed,-0.0008108596435500597
picture,-0.0008090766543028176
colours,-0.0007673934970907114
haunted,-0.0007673934970907114
scenery,-0.0007673934970907114
adam,-0.000707971390831226
gloom,-0.000707971390831226
possession,-0.000537249653865795
september,-0.0004937835074064464
thank,0.00048151767602203164
relation,0.0004778982278767547
confused,0.000444326172141992
scene,0.00028436121068814093
tribute,-0.0002814616906854938
painful,0.00022767782435052417
worked,0.00022767782435052417
unhappiness,0.00022767782435052417
heavenly,-8.504261777340916e-05
thing,-8.504261777340916e-05
board,-4.1994689935528364e-05
perceiving,-4.1994689935528364e-05
yield,-5.309328184544102e-06
irresistible,-5.309328184544102e-06
swallowed,-5.309328184544102e-06
